entry_date,exit_date,entry_px,exit_px,ret
2020-01-23,2020-01-23,301.3756,302.3692,0.003297
2020-01-30,2020-01-30,295.6604,298.6867,0.010236
2020-02-03,2020-02-03,294.7398,295.4417,0.002381
2020-02-25,2020-02-25,295.2776,284.9865,-0.034852
2020-02-26,2020-02-26,286.3812,283.9383,-0.00853
2020-02-27,2020-02-27,278.4327,271.1861,-0.026026
2020-02-28,2020-02-28,263.1557,270.0468,0.026186
2020-03-04,2020-03-04,279.0344,285.178,0.022017
2020-03-10,2020-03-10,259.4549,262.9004,0.01328
2020-03-13,2020-03-13,239.8116,245.4904,0.02368
2020-03-17,2020-03-17,223.3587,230.4321,0.031668
2020-03-23,2020-03-23,209.2228,204.4183,-0.022963
2020-04-02,2020-04-02,224.8097,230.8977,0.027081
2020-04-08,2020-04-08,245.687,251.2525,0.022653
2020-04-21,2020-04-21,253.7281,250.3448,-0.013334
2020-04-22,2020-04-22,255.2134,255.901,0.002694
2020-04-24,2020-04-24,257.3956,259.4494,0.007979
2020-04-29,2020-04-29,267.2978,268.8382,0.005763
2020-05-04,2020-05-04,257.4046,259.9994,0.010081
2020-05-07,2020-05-07,263.832,263.7679,-0.000243
2020-05-13,2020-05-13,262.2826,258.1933,-0.015591
2020-05-20,2020-05-20,271.2312,272.249,0.003752
2020-05-29,2020-05-29,277.3193,279.0247,0.00615
2020-06-11,2020-06-11,285.5713,275.6231,-0.034836
2020-06-12,2020-06-12,282.6188,278.9238,-0.013074
2020-06-24,2020-06-24,285.336,280.0407,-0.018558
2020-06-29,2020-06-29,277.5727,280.3815,0.010119
2020-07-06,2020-07-06,291.3496,291.9759,0.002149
2020-07-08,2020-07-08,289.7287,291.1746,0.00499
2020-07-14,2020-07-14,288.5224,293.698,0.017938
2020-07-29,2020-07-29,296.6449,299.4076,0.009313
2020-08-12,2020-08-12,308.9114,310.7533,0.005962
2020-09-01,2020-09-01,322.5133,324.7143,0.006825
2020-09-09,2020-09-09,310.8546,312.9175,0.006636
2020-09-11,2020-09-11,309.2615,307.6407,-0.005241
2020-09-17,2020-09-17,307.1801,309.2798,0.006835
2020-09-24,2020-09-24,297.0002,299.1083,0.007098
2020-10-07,2020-10-07,312.6261,315.067,0.007808
2020-10-15,2020-10-15,317.7944,321.2986,0.011027
2020-10-19,2020-10-19,322.362,316.2227,-0.019045
2020-10-20,2020-10-20,317.5633,317.4893,-0.000233
2020-10-21,2020-10-21,317.4431,316.8884,-0.001748
2020-10-22,2020-10-22,317.101,318.6266,0.004811
2020-10-28,2020-10-28,307.0599,302.03,-0.016381
2020-10-29,2020-10-29,302.2611,305.0997,0.009391
2020-11-10,2020-11-10,326.8369,327.3455,0.001556
2020-11-19,2020-11-19,328.788,330.8036,0.00613
2020-11-23,2020-11-23,330.3412,330.5077,0.000504
2020-12-10,2020-12-10,337.8213,339.0788,0.003722
2020-12-15,2020-12-15,339.6982,341.7231,0.005961
2020-12-24,2020-12-24,341.7777,342.6319,0.002499
2020-12-30,2020-12-30,345.7333,345.4083,-0.00094
2021-01-15,2021-01-15,349.8003,348.8532,-0.002708
2021-01-27,2021-01-27,353.0502,347.6553,-0.015281
2021-02-22,2021-02-22,359.4014,359.3736,-7.8e-05
2021-02-23,2021-02-23,357.173,359.81,0.007383
2021-02-26,2021-02-26,356.8851,353.1802,-0.010381
2021-03-03,2021-03-03,358.2222,354.1645,-0.011327
2021-03-04,2021-03-04,353.9787,349.7817,-0.011857
2021-03-09,2021-03-09,358.2779,359.5035,0.003421
2021-03-19,2021-03-19,363.2055,362.8329,-0.001026
2021-03-24,2021-03-24,364.2489,361.007,-0.0089
2021-03-25,2021-03-25,359.5724,363.0379,0.009638
2021-04-15,2021-04-15,385.4331,387.4174,0.005148
2021-05-11,2021-05-11,384.8368,385.8709,0.002687
2021-05-13,2021-05-13,379.2195,382.2098,0.007886
2021-05-19,2021-05-19,379.0797,382.7501,0.009682
2021-05-24,2021-05-24,388.7868,390.4916,0.004385
2021-05-28,2021-05-28,392.1684,391.302,-0.002209
2021-06-01,2021-06-01,393.659,390.9575,-0.006863
2021-06-02,2021-06-02,391.6096,391.5723,-9.5e-05
2021-06-10,2021-06-10,394.0223,394.6278,0.001537
2021-06-21,2021-06-21,389.554,393.3486,0.009741
2021-06-24,2021-06-24,397.1153,397.3116,0.000494
2021-07-14,2021-07-14,408.8075,407.7233,-0.002652
2021-07-19,2021-07-19,398.3303,397.19,-0.002863
2021-08-03,2021-08-03,409.7795,412.3124,0.006181
2021-08-05,2021-08-05,411.4432,412.8825,0.003498
2021-08-19,2021-08-19,407.7514,411.1067,0.008229
2021-08-27,2021-08-27,417.892,420.8174,0.007
2021-09-02,2021-09-02,423.6868,423.5653,-0.000287
2021-09-10,2021-09-10,421.5558,416.3219,-0.012416
2021-09-13,2021-09-13,419.3128,417.3874,-0.004592
2021-09-15,2021-09-15,415.5555,418.6024,0.007332
2021-09-20,2021-09-20,407.7544,406.9668,-0.001932
2021-09-22,2021-09-22,408.8513,410.5484,0.004151
2021-09-29,2021-09-29,408.045,407.3512,-0.0017
2021-09-30,2021-09-30,408.8232,402.3724,-0.015779
2021-10-01,2021-10-01,404.0977,407.1543,0.007564
2021-10-08,2021-10-08,412.0674,410.5484,-0.003686
2021-10-12,2021-10-12,408.4951,406.573,-0.004705
2021-10-27,2021-10-27,427.9789,425.6255,-0.005499
2021-10-28,2021-10-28,427.0507,429.7323,0.006279
2021-11-12,2021-11-12,436.1081,438.124,0.004622
2021-11-22,2021-11-22,441.5182,438.4053,-0.00705
2021-11-23,2021-11-23,438.0771,438.9866,0.002076
2021-11-29,2021-11-29,435.1237,435.6206,0.001142
2021-12-01,2021-12-01,432.8452,422.4,-0.024131
2021-12-02,2021-12-02,422.6157,428.8697,0.014798
2021-12-10,2021-12-10,439.9617,441.3775,0.003218
2021-12-14,2021-12-14,434.2047,434.4579,0.000583
2021-12-31,2021-12-31,447.5388,446.8989,-0.00143
2022-01-03,2022-01-03,448.1598,449.4865,0.00296
2022-01-06,2022-01-06,440.2467,440.2937,0.000107
2022-01-14,2022-01-14,433.9425,437.2639,0.007654
2022-01-20,2022-01-20,426.942,420.3556,-0.015427
2022-01-21,2022-01-21,419.2359,412.1037,-0.017012
2022-01-24,2022-01-24,406.5053,413.8539,0.018077
2022-01-28,2022-01-28,407.1168,415.8392,0.021425
2022-02-04,2022-02-04,419.9792,422.1904,0.005265
2022-02-14,2022-02-14,413.929,413.0822,-0.002046
2022-02-18,2022-02-18,411.4921,408.5753,-0.007088
2022-02-24,2022-02-24,386.7365,402.9956,0.042042
2022-03-08,2022-03-08,394.8285,391.6576,-0.008031
2022-03-09,2022-03-09,400.0223,402.1582,0.005339
2022-03-14,2022-03-14,396.0234,392.3633,-0.009242
2022-03-15,2022-03-15,394.9696,400.9915,0.015247
2022-03-24,2022-03-24,420.897,425.1914,0.010203
2022-04-01,2022-04-01,427.8531,427.485,-0.00086
2022-04-06,2022-04-06,421.7936,421.4444,-0.000828
2022-04-12,2022-04-12,418.1976,413.6766,-0.010811
2022-04-13,2022-04-13,413.4312,418.4147,0.012054
2022-04-18,2022-04-18,412.2797,413.3746,0.002656
2022-04-22,2022-04-22,412.374,402.1145,-0.024879
2022-04-25,2022-04-25,399.8776,404.4458,0.011424
2022-04-27,2022-04-27,393.8087,393.837,7.2e-05
2022-05-02,2022-05-02,388.929,391.2037,0.005849
2022-05-10,2022-05-10,381.7747,376.6779,-0.01335
2022-05-12,2022-05-12,367.5039,370.3071,0.007628
2022-05-19,2022-05-19,366.796,367.5888,0.002161
2022-06-09,2022-06-09,386.3523,378.896,-0.019299
2022-06-10,2022-06-10,372.7044,367.9097,-0.012865
2022-06-13,2022-06-13,358.5185,353.9409,-0.012768
2022-06-14,2022-06-14,355.687,352.8743,-0.007908
2022-06-29,2022-06-29,361.3753,360.5316,-0.002335
2022-07-19,2022-07-19,365.9726,371.8403,0.016033
2022-08-12,2022-08-12,400.0504,404.8563,0.012013
2022-08-23,2022-08-23,391.3959,390.8746,-0.001332
2022-08-24,2022-08-24,390.647,392.1257,0.003785
2022-08-29,2022-08-29,381.2532,381.6608,0.001069
2022-09-01,2022-09-01,372.428,375.7742,0.008985
2022-09-06,2022-09-06,372.6555,370.409,-0.006029
2022-09-14,2022-09-14,373.9257,374.049,0.00033
2022-09-16,2022-09-16,365.6295,366.9811,0.003697
2022-09-22,2022-09-22,358.4338,356.1875,-0.006267
2022-09-23,2022-09-23,352.7229,350.2196,-0.007097
2022-09-27,2022-09-27,350.2863,345.8699,-0.012608
2022-10-03,2022-10-03,343.6807,348.9442,0.015315
2022-10-07,2022-10-07,351.1905,345.3083,-0.016749
2022-10-10,2022-10-10,346.4219,342.6718,-0.010825
2022-10-13,2022-10-13,332.3827,348.3351,0.047994
2022-10-17,2022-10-17,346.4695,349.1441,0.00772
2022-10-21,2022-10-21,347.526,356.2542,0.025115
2022-10-27,2022-10-27,364.6111,361.67,-0.008066
2022-10-28,2022-10-28,361.5653,370.2744,0.024087
2022-11-02,2022-11-02,365.401,356.8062,-0.023522
2022-11-03,2022-11-03,353.5701,353.1323,-0.001238
2022-11-10,2022-11-10,369.3511,375.6712,0.017111
2022-11-15,2022-11-15,381.8199,379.2881,-0.006631
2022-11-29,2022-11-29,376.9656,376.1852,-0.00207
2022-12-12,2022-12-12,375.119,379.7258,0.012281
2022-12-29,2022-12-29,362.9961,366.6392,0.010036
2023-01-10,2023-01-10,370.2822,373.4663,0.008599
2023-01-19,2023-01-19,372.2998,371.6114,-0.001849
2023-01-31,2023-01-31,383.5541,388.6697,0.013337
2023-02-09,2023-02-09,396.2522,389.2529,-0.017664
2023-02-10,2023-02-10,388.0768,390.1613,0.005371
2023-02-17,2023-02-17,388.268,389.4154,0.002955
2023-02-22,2023-02-22,382.0146,381.0775,-0.002453
2023-03-01,2023-03-01,378.0847,377.444,-0.001694
2023-03-07,2023-03-07,386.6999,380.8194,-0.015207
2023-03-08,2023-03-08,380.9341,381.4409,0.00133
2023-03-10,2023-03-10,373.8583,369.0009,-0.012993
2023-03-13,2023-03-13,365.0805,368.475,0.009298
2023-03-23,2023-03-23,379.2206,377.3777,-0.00486
2023-04-13,2023-04-13,392.7445,396.8622,0.010484
2023-04-26,2023-04-26,390.3834,388.1181,-0.005803
2023-04-27,2023-04-27,390.6521,395.8448,0.013292
2023-05-02,2023-05-02,398.11,394.3378,-0.009475
2023-05-04,2023-05-04,390.5849,388.8572,-0.004423
2023-05-10,2023-05-10,397.2557,396.2671,-0.002489
2023-05-17,2023-05-17,395.7873,398.5516,0.006984
2023-05-24,2023-05-24,395.8544,394.5778,-0.003225
2023-06-08,2023-06-08,409.4841,411.8932,0.005883
2023-06-20,2023-06-20,421.4388,421.1786,-0.000617
2023-06-27,2023-06-27,416.5253,420.2055,0.008835
2023-07-10,2023-07-10,422.142,423.5678,0.003378
2023-07-24,2023-07-24,436.776,437.5757,0.001831
2023-07-28,2023-07-28,439.1942,440.1962,0.002281
2023-08-03,2023-08-03,431.6411,432.4118,0.001786
2023-08-07,2023-08-07,432.2866,434.2134,0.004457
2023-08-10,2023-08-10,431.7856,429.5891,-0.005087
2023-08-11,2023-08-11,427.7201,429.3386,0.003784
2023-08-16,2023-08-16,426.2653,423.5486,-0.006373
2023-08-17,2023-08-17,425.0129,420.3212,-0.011039
2023-08-18,2023-08-18,417.508,420.5235,0.007222
2023-08-23,2023-08-23,423.1728,426.8145,0.008606
2023-08-25,2023-08-25,422.6237,423.8665,0.002941
2023-09-01,2023-09-01,436.5834,434.6759,-0.004369
2023-09-06,2023-09-06,431.988,429.8878,-0.004862
2023-09-13,2023-09-13,429.8877,430.1671,0.00065
2023-09-18,2023-09-18,428.3393,428.9001,0.001309
2023-09-21,2023-09-21,421.2335,417.0666,-0.009892
2023-09-22,2023-09-22,418.0913,416.1287,-0.004694
2023-09-25,2023-09-25,414.9202,417.8786,0.00713
2023-09-27,2023-09-27,412.9093,411.9038,-0.002435
2023-10-04,2023-10-04,408.056,410.56,0.006136
2023-10-19,2023-10-19,416.6411,412.2711,-0.010489
2023-10-20,2023-10-20,411.8362,407.2052,-0.011245
2023-10-23,2023-10-23,405.6776,406.4994,0.002026
2023-10-26,2023-10-26,402.6226,398.852,-0.009365
2023-10-27,2023-10-27,400.4376,397.0442,-0.008474
2023-11-10,2023-11-10,421.5041,425.9803,0.01062
2023-11-30,2023-11-30,440.3566,441.2461,0.00202
2023-12-07,2023-12-07,441.7392,443.0154,0.002889
2023-12-21,2023-12-21,457.5279,458.8578,0.002907
2024-01-05,2024-01-05,453.8003,454.2177,0.00092
2024-01-25,2024-01-25,473.3019,473.7388,0.000923
2024-02-01,2024-02-01,470.4385,474.8746,0.00943
2024-02-20,2024-02-20,483.1451,482.2132,-0.001929
2024-02-27,2024-02-27,491.8622,492.0854,0.000454
2024-03-05,2024-03-05,495.2984,492.328,-0.005997
2024-03-11,2024-03-11,495.5314,496.308,0.001567
2024-03-19,2024-03-19,498.6972,502.1637,0.006951
2024-03-22,2024-03-22,508.3955,507.5192,-0.001724
2024-03-25,2024-03-25,506.1463,506.1171,-5.8e-05
2024-03-26,2024-03-26,507.5387,505.1823,-0.004643
2024-03-27,2024-03-27,508.0061,509.4277,0.002798
2024-04-01,2024-04-01,510.0704,508.4442,-0.003188
2024-04-05,2024-04-05,500.9465,504.8122,0.007717
2024-04-16,2024-04-16,491.6766,490.3036,-0.002792
2024-04-19,2024-04-19,486.321,482.1535,-0.00857
2024-04-22,2024-04-22,484.7534,486.5937,0.003797
2024-05-01,2024-05-01,488.2101,487.2072,-0.002054
2024-05-02,2024-05-02,490.9073,491.7642,0.001746
2024-05-17,2024-05-17,514.9195,515.5427,0.00121
2024-05-24,2024-05-24,513.9848,515.5331,0.003012
2024-06-25,2024-06-25,531.4097,532.2303,0.001544
2024-07-01,2024-07-01,533.0118,532.7285,-0.000531
2024-07-10,2024-07-10,544.1872,548.3389,0.007629
2024-07-12,2024-07-12,544.7342,547.0396,0.004232
2024-07-18,2024-07-18,545.5938,539.8791,-0.010474
2024-07-22,2024-07-22,540.2113,541.8232,0.002984
2024-07-24,2024-07-24,536.167,528.7134,-0.013902
2024-07-25,2024-07-25,528.8307,525.9587,-0.005431
2024-07-26,2024-07-26,529.7393,531.8493,0.003983
2024-08-08,2024-08-08,511.794,518.3782,0.012865
2024-08-23,2024-08-23,546.5904,549.1302,0.004647
2024-08-30,2024-08-30,547.8017,550.6443,0.005189
2024-09-09,2024-09-09,532.0545,533.7737,0.003231
2024-09-19,2024-09-19,557.8049,557.7756,-5.3e-05
2024-10-16,2024-10-16,568.1092,570.5784,0.004346
2024-10-18,2024-10-18,572.3129,572.8224,0.00089
2024-10-28,2024-10-28,570.8529,569.1381,-0.003004
2024-10-29,2024-10-29,568.1778,570.0592,0.003311
2024-10-31,2024-10-31,563.9743,557.1936,-0.012023
2024-11-01,2024-11-01,559.8196,559.5452,-0.00049
2024-11-04,2024-11-04,559.6824,558.34,-0.002399
2024-11-15,2024-11-15,577.8491,573.959,-0.006732
2024-12-06,2024-12-06,595.2125,595.575,0.000609
2024-12-10,2024-12-10,593.1841,590.6658,-0.004245
2024-12-11,2024-12-11,593.5859,595.2321,0.002773
2024-12-13,2024-12-13,594.1935,592.0475,-0.003611
2024-12-19,2024-12-19,579.4561,574.302,-0.008895
2024-12-20,2024-12-20,571.9779,581.2001,0.016123
2025-01-08,2025-01-08,578.7911,579.5678,0.001342
2025-02-03,2025-02-03,582.6944,587.7086,0.008605
2025-02-10,2025-02-10,593.8633,594.6694,0.001357
2025-02-24,2025-02-24,591.887,587.158,-0.00799
2025-02-25,2025-02-25,587.099,584.2379,-0.004873
2025-02-28,2025-02-28,575.704,584.1789,0.014721
2025-03-14,2025-03-14,546.7497,553.3369,0.012048
2025-03-27,2025-03-27,559.3109,559.2123,-0.000176
2025-03-31,2025-03-31,542.2015,551.6289,0.017387
2025-04-04,2025-04-04,516.4045,498.2697,-0.035118
2025-04-07,2025-04-07,482.4029,497.3822,0.031051
2025-04-16,2025-04-16,524.3034,518.3669,-0.011323
2025-04-24,2025-04-24,529.2735,539.1052,0.018576
2025-05-02,2025-05-02,556.8947,558.8966,0.003595
2025-05-22,2025-05-22,574.5761,575.0002,0.000738
2025-05-29,2025-05-29,584.8318,581.8636,-0.005075
2025-06-05,2025-06-05,589.3384,584.822,-0.007664
2025-06-18,2025-06-18,590.1372,589.1511,-0.001671
2025-07-16,2025-07-16,616.9046,617.3793,0.00077
2025-07-22,2025-07-22,622.2058,621.9684,-0.000381
2025-07-25,2025-07-25,628.1302,630.1181,0.003165
2025-08-01,2025-08-01,619.4364,614.9066,-0.007313
2025-08-06,2025-08-06,622.1564,625.8455,0.00593
2025-08-26,2025-08-26,635.1622,638.0897,0.004609
2025-10-13,2025-10-13,655.2216,657.5919,0.003618
2025-10-31,2025-10-31,679.4112,676.4557,-0.00435
2025-11-05,2025-11-05,669.4338,672.0125,0.003852
2025-11-07,2025-11-07,662.4219,665.4567,0.004581
2025-11-14,2025-11-14,659.9126,666.4088,0.009844
2025-11-21,2025-11-21,649.6675,653.6149,0.006076
2025-12-10,2025-12-10,676.9515,681.9203,0.00734
2025-12-18,2025-12-18,672.0322,670.9115,-0.001668
2026-01-02,2026-01-02,682.0852,679.5586,-0.003704
2026-01-08,2026-01-08,685.1788,685.8651,0.001002
2026-01-21,2026-01-21,676.0573,681.7769,0.00846
2026-02-11,2026-02-11,692.7088,688.3022,-0.006361
2026-02-13,2026-02-13,678.0864,678.1461,8.8e-05
2026-03-13,2026-03-13,665.7321,658.789,-0.010429
2026-03-16,2026-03-16,664.8468,665.4934,0.000973
2026-03-19,2026-03-19,653.4971,656.3121,0.004308
2026-03-24,2026-03-24,649.6464,651.5016,0.002856
2026-03-27,2026-03-27,640.849,632.4606,-0.013089
2026-03-30,2026-03-30,638.4652,630.3461,-0.012717
2026-04-22,2026-04-22,707.3278,709.3825,0.002905
2026-05-04,2026-05-04,718.2197,716.165,-0.002861
2026-06-04,2026-06-04,750.1674,755.1446,0.006635
2026-06-08,2026-06-08,741.4498,737.3204,-0.005569
2026-06-09,2026-06-09,741.7192,735.1561,-0.008849
2026-06-11,2026-06-11,726.8874,735.8643,0.01235
2026-06-17,2026-06-17,749.3594,739.056,-0.01375
2026-06-18,2026-06-18,747.76,746.74,-0.001364
2026-06-23,2026-06-23,733.81,733.58,-0.000313
2026-06-24,2026-06-24,735.17,733.24,-0.002625
2026-07-14,2026-07-14,750.91,751.83,0.001225
2026-07-21,2026-07-21,746.29,748.28,0.002667
2026-07-30,2026-07-30,736.05,741.69,0.007663
2026-08-06,2026-08-06,770.21,768.56,-0.002142
2026-08-18,2026-08-18,768.7,767.45,-0.001626
2026-08-21,2026-08-21,766.05,765.72,-0.000431
2026-08-31,2026-08-31,767.33,767.05,-0.000365
2026-09-09,2026-09-09,764.08,762.4,-0.002199
