Date,excess
2015-04-16,0.11443259314917831
2015-04-17,0.11177754333504786
2015-04-20,0.11217506295164359
2015-04-21,0.10262751647721036
2015-04-22,0.10967362095540945
2015-04-23,0.10371421110223777
2015-04-24,0.10611855768981449
2015-04-27,0.10918981226756252
2015-04-28,0.11555649826707204
2015-04-29,0.12257674026128074
2015-04-30,0.12770262039530245
2015-05-01,0.1245308713060953
2015-05-04,0.12108876239733002
2015-05-05,0.13065135281438578
2015-05-06,0.13674173612943274
2015-05-07,0.13272657063190318
2015-05-08,0.12404830749211371
2015-05-11,0.13309138345149085
2015-05-12,0.1269045359258203
2015-05-13,0.12803765552060797
2015-05-14,0.12342098946679059
2015-05-15,0.12581060935659116
2015-05-18,0.1214096145110497
2015-05-19,0.11747500544012679
2015-05-20,0.11393061244808189
2015-05-21,0.1009652366539806
2015-05-22,0.11595270209380026
2015-05-26,0.1263526781869666
2015-05-27,0.12380244571545251
2015-05-28,0.13056325905710287
2015-05-29,0.11991175212323024
2015-06-01,0.12155185556863879
2015-06-02,0.13562072682658632
2015-06-03,0.13265780060128618
2015-06-04,0.11076882124559329
2015-06-05,0.09660812877542924
2015-06-08,0.10399336309961948
2015-06-09,0.11917863593789257
2015-06-10,0.12953059646008902
2015-06-11,0.1271323503774091
2015-06-12,0.13120647048828515
2015-06-15,0.13016098971169843
2015-06-16,0.1219212416951223
2015-06-17,0.11137390444119055
2015-06-18,0.11920181890342141
2015-06-19,0.12389397817341208
2015-06-22,0.11908342322299381
2015-06-23,0.1261818318060557
2015-06-24,0.1248162734440148
2015-06-25,0.11349956781107906
2015-06-26,0.12858620783120722
2015-06-29,0.12412848773486429
2015-06-30,0.12472019625963049
2015-07-01,0.12577784382722568
2015-07-02,0.12258115727966712
2015-07-06,0.1367402327356304
2015-07-07,0.13095525644971429
2015-07-08,0.13799811224715075
2015-07-09,0.135379075105849
2015-07-10,0.1277132042413256
2015-07-13,0.12282718156577821
2015-07-14,0.1290130638300453
2015-07-15,0.1370656409647999
2015-07-16,0.1341276507339988
2015-07-17,0.13011862691673381
2015-07-20,0.12465078761917892
2015-07-21,0.12476624051424001
2015-07-22,0.13277923886964516
2015-07-23,0.13171171556051298
2015-07-24,0.12290944496825995
2015-07-27,0.13901299450593885
2015-07-28,0.1395042658363954
2015-07-29,0.11682654252161817
2015-07-30,0.1309925500750575
2015-07-31,0.14099068085687705
2015-08-03,0.1301818866502633
2015-08-04,0.1293688232848731
2015-08-05,0.1272845582102764
2015-08-06,0.11447618751989008
2015-08-07,0.11275541628314922
2015-08-10,0.1106840915868339
2015-08-11,0.10764755630865253
2015-08-12,0.11271115411754984
2015-08-13,0.10675748596039236
2015-08-14,0.10004543804233634
2015-08-17,0.10204917101784416
2015-08-18,0.10149044846252364
2015-08-19,0.1069946435057294
2015-08-20,0.11517728332055643
2015-08-21,0.1108407243105336
2015-08-24,0.10139134079468382
2015-08-25,0.11123744359334498
2015-08-26,0.10329717623968726
2015-08-27,0.09480870930419338
2015-08-28,0.08918992659341285
2015-08-31,0.08307405288131386
2015-09-01,0.08793945707600948
2015-09-02,0.09766532445286669
2015-09-03,0.08974663442144482
2015-09-04,0.09153924574805261
2015-09-08,0.09364351938326254
2015-09-09,0.09609624436513675
2015-09-10,0.11046651898028603
2015-09-11,0.10951290172196293
2015-09-14,0.11428001680762478
2015-09-15,0.12247306615687448
2015-09-16,0.1209421576261771
2015-09-17,0.11201641426764075
2015-09-18,0.11537105341235265
2015-09-21,0.1119684537302652
2015-09-22,0.12336590498310862
2015-09-23,0.11401181615304434
2015-09-24,0.1084662557446694
2015-09-25,0.11900865340370248
2015-09-28,0.10699608924571358
2015-09-29,0.10458942176514241
2015-09-30,0.09882978665815889
2015-10-01,0.11699228811191298
2015-10-02,0.10563732585553254
2015-10-05,0.09164118372820917
2015-10-06,0.08764693742163132
2015-10-07,0.09610465125799506
2015-10-08,0.09892470135594844
2015-10-09,0.10136296369370768
2015-10-12,0.10640875291445129
2015-10-13,0.10452244761116991
2015-10-14,0.09367364123922228
2015-10-15,0.10018855295211049
2015-10-16,0.09347146059376366
2015-10-19,0.08702252651030729
2015-10-20,0.08390346200376064
2015-10-21,0.08049692068069247
2015-10-22,0.08092118769955792
2015-10-23,0.0804329392946086
2015-10-26,0.07300719287838686
2015-10-27,0.07467634776065446
2015-10-28,0.07168895467911418
2015-10-29,0.07576093136406348
2015-10-30,0.07010887784087583
2015-11-02,0.08021409213636677
2015-11-03,0.07296131794016203
2015-11-04,0.06669213703152632
2015-11-05,0.07050989141064767
2015-11-06,0.07553754534688206
2015-11-09,0.07396411070027487
2015-11-10,0.07111522492779665
2015-11-11,0.06907094975883621
2015-11-12,0.07170957466910655
2015-11-13,0.07569543189948114
2015-11-16,0.06856262722387019
2015-11-17,0.08017386449524655
2015-11-18,0.07637761821097322
2015-11-19,0.08410867840786063
2015-11-20,0.08369317866412773
2015-11-23,0.07876542611362236
2015-11-24,0.08099496536397321
2015-11-25,0.07707239704497715
2015-11-27,0.07084355617465121
2015-11-30,0.07037454297831158
2015-12-01,0.07274377092333761
2015-12-02,0.07195446462101307
2015-12-03,0.07160407933756896
2015-12-04,0.06935759732927749
2015-12-07,0.06971696211209877
2015-12-08,0.07582228772197253
2015-12-09,0.0667556206736899
2015-12-10,0.06673541558480545
2015-12-11,0.05428116358483326
2015-12-14,0.06569685723246677
2015-12-15,0.0694081977333898
2015-12-16,0.05983664809169653
2015-12-17,0.06073105000813972
2015-12-18,0.06508764509854026
2015-12-21,0.07195763673183331
2015-12-22,0.06012305815278496
2015-12-23,0.05942495802598424
2015-12-24,0.05802447755393869
2015-12-28,0.06190524882391779
2015-12-29,0.0679196993007305
2015-12-30,0.05883210109642345
2015-12-31,0.063004875619884
2016-01-04,0.07170908320987435
2016-01-05,0.06820926581963649
2016-01-06,0.06801094603986435
2016-01-07,0.06663173851140525
2016-01-08,0.06834773454725895
2016-01-11,0.05970019726720255
2016-01-12,0.06465849868029827
2016-01-13,0.06952449426783514
2016-01-14,0.07169037769199704
2016-01-15,0.06752047803400307
2016-01-19,0.06744194503403578
2016-01-20,0.06372554039355494
2016-01-21,0.05765144328757554
2016-01-22,0.0511840733676866
2016-01-25,0.06079897610982821
2016-01-26,0.062150211588896886
2016-01-27,0.061029966837902405
2016-01-28,0.05984720011716538
2016-01-29,0.058659408636936194
2016-02-01,0.06752306207043723
2016-02-02,0.06952658250104049
2016-02-03,0.06482930621432204
2016-02-04,0.06244757874490281
2016-02-05,0.06855799786619032
2016-02-08,0.07584994701106196
2016-02-09,0.08396056852118905
2016-02-10,0.07951858573408488
2016-02-11,0.07922496523497591
2016-02-12,0.07989154446482205
2016-02-16,0.07487277388904079
2016-02-17,0.0785555654454616
2016-02-18,0.07282047654026447
2016-02-19,0.07751500557115043
2016-02-22,0.07188518755382811
2016-02-23,0.07482989306683807
2016-02-24,0.07170824171732504
2016-02-25,0.06306744784762952
2016-02-26,0.07555833688710367
2016-02-29,0.06717258759209788
2016-03-01,0.06633914249185335
2016-03-02,0.07995962819132552
2016-03-03,0.08780115021613333
2016-03-04,0.089668909569671
2016-03-07,0.08996935524997074
2016-03-08,0.10528735015861113
2016-03-09,0.08979770485091709
2016-03-10,0.08341150819934873
2016-03-11,0.08994408787117103
2016-03-14,0.10235313491857934
2016-03-15,0.10110322331373212
2016-03-16,0.10389602964256883
2016-03-17,0.10924704008902619
2016-03-18,0.11215723288730484
2016-03-21,0.11889444087993906
2016-03-22,0.11537706173238083
2016-03-23,0.10232271859971731
2016-03-24,0.1037884411869554
2016-03-28,0.10039401454358265
2016-03-29,0.10093520749123486
2016-03-30,0.09808897159385865
2016-03-31,0.09280491992408368
2016-04-01,0.09234508300841515
2016-04-04,0.12257409183166756
2016-04-05,0.11933446254380686
2016-04-06,0.1033014230389746
2016-04-07,0.10886474476353714
2016-04-08,0.11447816009975798
2016-04-11,0.1098143906904383
2016-04-12,0.10994095159452155
2016-04-13,0.11183202556051675
2016-04-14,0.11295256237189832
2016-04-15,0.12258235313129018
2016-04-18,0.12424377052794644
2016-04-19,0.12229433216972851
2016-04-20,0.05594972112300978
2016-04-21,0.13550930282573592
2016-04-22,0.14676931671943527
2016-04-25,0.1404992864770538
2016-04-26,0.1148398849796195
2016-04-27,0.11234704417234376
2016-04-28,0.1390488415613429
2016-04-29,0.1393411692249471
2016-05-02,0.14169487974286876
2016-05-03,0.1184523300541942
2016-05-04,0.1355448288784873
2016-05-05,0.13451919202506768
2016-05-06,0.12499714945367524
2016-05-09,0.13206498320420246
2016-05-10,0.12028982616903394
2016-05-11,0.12232085170369933
2016-05-12,0.1169288683789067
2016-05-13,0.11958644894802961
2016-05-16,0.1175318421611189
2016-05-17,0.12001961137128125
2016-05-18,0.11695986879406872
2016-05-19,0.11922729622737016
2016-05-20,0.1155614171143573
2016-05-23,0.10936396482831046
2016-05-24,0.113668520634721
2016-05-25,0.10223537907109836
2016-05-26,0.11806168054749833
2016-05-27,0.10956965081805214
2016-05-31,0.12416683593488975
2016-06-01,0.1043128934446289
2016-06-02,0.10833098734131452
2016-06-03,0.11560854380788799
2016-06-06,0.10672433500154965
2016-06-07,0.12946912105283914
2016-06-08,0.12331995509644722
2016-06-09,0.1284375691976558
2016-06-10,0.12706644653465915
2016-06-13,0.12890802927045497
2016-06-14,0.13935367624907946
2016-06-15,0.14142573939327474
2016-06-16,0.14692318147365757
2016-06-17,0.1484423669684849
2016-06-20,0.12959708512536317
2016-06-21,0.14012425322173128
2016-06-22,0.1440459019674032
2016-06-23,0.14757926104454366
2016-06-24,0.15752678922257535
2016-06-27,0.16120456303402775
2016-06-28,0.1627912359960888
2016-06-29,0.15597458908488981
2016-06-30,0.16487652307123368
2016-07-01,0.15424970986530506
2016-07-05,0.1797109860365207
2016-07-06,0.1511082730733837
2016-07-07,0.17255459861360722
2016-07-08,0.15924010494304208
2016-07-11,0.16384230589632387
2016-07-12,0.16903867094021363
2016-07-13,0.16839021204363003
2016-07-14,0.1738902107777609
2016-07-15,0.1710054020003764
2016-07-18,0.17414319467697492
2016-07-19,0.1812421855025652
2016-07-20,0.17855472004610018
2016-07-21,0.1738257061944768
2016-07-22,0.1662557261382922
2016-07-25,0.1596795467305574
2016-07-26,0.16717292410879447
2016-07-27,0.16700572841294425
2016-07-28,0.1642088362087939
2016-07-29,0.16289530873565305
2016-08-01,0.16340719456193886
2016-08-02,0.1427475679560981
2016-08-03,0.13497736521688397
2016-08-04,0.13395600489013093
2016-08-05,0.1776958418990806
2016-08-08,0.16976194837918168
2016-08-09,0.1738526675110732
2016-08-10,0.1760048572309667
2016-08-11,0.17503813224884435
2016-08-12,0.1788877223538694
2016-08-15,0.171666817287214
2016-08-16,0.1731214145366311
2016-08-17,0.168495155488261
2016-08-18,0.1693992167057543
2016-08-19,0.1758472944719105
2016-08-22,0.17215795786628685
2016-08-23,0.1825881552314932
2016-08-24,0.18649416936812813
2016-08-25,0.18379791316604877
2016-08-26,0.17954421429062384
2016-08-29,0.1768031451124943
2016-08-30,0.1817162287615426
2016-08-31,0.17911819737180368
2016-09-01,0.17051188084957203
2016-09-02,0.17127945872374206
2016-09-06,0.16904715891481636
2016-09-07,0.1686351823108294
2016-09-08,0.17749892254768485
2016-09-09,0.18326843053510355
2016-09-12,0.1817962282624508
2016-09-13,0.18087361791685397
2016-09-14,0.17441583875614786
2016-09-15,0.17375452181069262
2016-09-16,0.17753597106570163
2016-09-19,0.18621963280781406
2016-09-20,0.17768944194250458
2016-09-21,0.17404349643523065
2016-09-22,0.17751012924451226
2016-09-23,0.17852232937953416
2016-09-26,0.17078712065966917
2016-09-27,0.1763394213573657
2016-09-28,0.17688996239299937
2016-09-29,0.17766383614727288
2016-09-30,0.1902065379795963
2016-10-03,0.1876898134812246
2016-10-04,0.18676625911211486
2016-10-05,0.20051866447439748
2016-10-06,0.19043760690692646
2016-10-07,0.1845807452371182
2016-10-10,0.19636380245027651
2016-10-11,0.1904413775322904
2016-10-12,0.1989711420007485
2016-10-13,0.1905875583522807
2016-10-14,0.19405307226810553
2016-10-17,0.19693128479189315
2016-10-18,0.2052020399094785
2016-10-19,0.19450827241449264
2016-10-20,0.20248347064455752
2016-10-21,0.19132960684253741
2016-10-24,0.19915748498299957
2016-10-25,0.2021597667888011
2016-10-26,0.1961724206326141
2016-10-27,0.19390175811546717
2016-10-28,0.200940677260103
2016-10-31,0.19111206543395198
2016-11-01,0.18693866167472595
2016-11-02,0.1837633942045216
2016-11-03,0.18829744458551412
2016-11-04,0.18711546992420058
2016-11-07,0.17713757301506838
2016-11-08,0.18219247363645996
2016-11-09,0.19565369951643263
2016-11-10,0.18791601758039134
2016-11-11,0.17792065758744524
2016-11-14,0.19352445065166113
2016-11-15,0.19504044621379313
2016-11-16,0.19620276769678768
2016-11-17,0.18201496360134328
2016-11-18,0.18536051415317756
2016-11-21,0.1899278688261239
2016-11-22,0.19513684075672533
2016-11-23,0.1837120199209501
2016-11-25,0.1760179007407885
2016-11-28,0.18004878093265542
2016-11-29,0.1873845189932113
2016-11-30,0.1873779744035433
2016-12-01,0.18794567369888648
2016-12-02,0.19271091772768467
2016-12-05,0.18166908728979148
2016-12-06,0.17652443168359477
2016-12-07,0.19317928488293967
2016-12-08,0.1949809652496206
2016-12-09,0.18352768599721725
2016-12-12,0.18039637212363457
2016-12-13,0.18057023949189688
2016-12-14,0.18404091910550968
2016-12-15,0.18308884100215783
2016-12-16,0.19017032090931374
2016-12-19,0.18066968804737926
2016-12-20,0.18214716598660208
2016-12-21,0.1828711913820118
2016-12-22,0.1872808431904529
2016-12-23,0.17827932532204493
2016-12-27,0.186541574506484
2016-12-28,0.1875308577809187
2016-12-29,0.17577840816468138
2016-12-30,0.1756655837463188
2017-01-03,0.1811787471655637
2017-01-04,0.17838857346611126
2017-01-05,0.18837969695513457
2017-01-06,0.18185620029917304
2017-01-09,0.18228408527280315
2017-01-10,0.19318576636421314
2017-01-11,0.18956737379490618
2017-01-12,0.19192135256406107
2017-01-13,0.19363153681576462
2017-01-17,0.19500690939657983
2017-01-18,0.19647154607275064
2017-01-19,0.19188489100062966
2017-01-20,0.1905462508087703
2017-01-23,0.18364046605587014
2017-01-24,0.1907528274982242
2017-01-25,0.1867063574231591
2017-01-26,0.18737233255093666
2017-01-27,0.19207536716016493
2017-01-30,0.19250619463935892
2017-01-31,0.1918553134702723
2017-02-01,0.19448037922326944
2017-02-02,0.19614590184172664
2017-02-03,0.19154996138992342
2017-02-06,0.1932408187074075
2017-02-07,0.19588905802834677
2017-02-08,0.19500621710455768
2017-02-09,0.18950145566254362
2017-02-10,0.2018667885588823
2017-02-13,0.19148365543711243
2017-02-14,0.19522758027113407
2017-02-15,0.19098325037205255
2017-02-16,0.19159374486902592
2017-02-17,0.18188462392415183
2017-02-21,0.1847661617061891
2017-02-22,0.18570414981199046
2017-02-23,0.18926874549225037
2017-02-24,0.1887710317534217
2017-02-27,0.18371925003045142
2017-02-28,0.18667408337395175
2017-03-01,0.18353235636610576
2017-03-02,0.18249899428855643
2017-03-03,0.19108931871384405
2017-03-06,0.18179966110121137
2017-03-07,0.18048671041909525
2017-03-08,0.18133354175125205
2017-03-09,0.17317367205986178
2017-03-10,0.16884852227852987
2017-03-13,0.1746215175054011
2017-03-14,0.1706678044905494
2017-03-15,0.17141705671088214
2017-03-16,0.17662888537819277
2017-03-17,0.177985934680279
2017-03-20,0.1695941236978047
2017-03-21,0.16660285567679023
2017-03-22,0.178535590214409
2017-03-23,0.17947346229550343
2017-03-24,0.17629496073343964
2017-03-27,0.1759177024431564
2017-03-28,0.1743639860382762
2017-03-29,0.1777298350221408
2017-03-30,0.18951166375358963
2017-03-31,0.1875753199338832
2017-04-03,0.1823907206160924
2017-04-04,0.1849935951656545
2017-04-05,0.18434121345368593
2017-04-06,0.18599383479249232
2017-04-07,0.18817692200724645
2017-04-10,0.19042361296628574
2017-04-11,0.19013568876332987
2017-04-12,0.1793494524875645
2017-04-13,0.18232748171825497
2017-04-17,0.1828296057829415
2017-04-18,0.18406188331103324
2017-04-19,0.17892485528306312
2017-04-20,0.18013350579779597
2017-04-21,0.17989652004529377
2017-04-24,0.1780270523283367
2017-04-25,0.17663523494023758
2017-04-26,0.1835442184823486
2017-04-27,0.17550111077027908
2017-04-28,0.17690159927507976
2017-05-01,0.18128274473058137
2017-05-02,0.16757312914780176
2017-05-03,0.17143033096833182
2017-05-04,0.16966754242559556
2017-05-05,0.17523681727103635
2017-05-08,0.1691618593367985
2017-05-09,0.17294992871348858
2017-05-10,0.1675193856349413
2017-05-11,0.16893488691756775
2017-05-12,0.17142486872152274
2017-05-15,0.16986713056670655
2017-05-16,0.16792496697231263
2017-05-17,0.16449195804579841
2017-05-18,0.16755623353292415
2017-05-19,0.16761461726846094
2017-05-22,0.16492222288966696
2017-05-23,0.1648828667808795
2017-05-24,0.16636896330799145
2017-05-25,0.17069633818562746
2017-05-26,0.16808393309145053
2017-05-30,0.16085699583637036
2017-05-31,0.16082038804853727
2017-06-01,0.15932151898024371
2017-06-02,0.15779578850785914
2017-06-05,0.1513791429398117
2017-06-06,0.1566263552435847
2017-06-07,0.1564077924128895
2017-06-08,0.15805282860369152
2017-06-09,0.14400169961833886
2017-06-12,0.1573804907812686
2017-06-13,0.15721383716722737
2017-06-14,0.1557892226402322
2017-06-15,0.15302295628292062
2017-06-16,0.15545343156459834
2017-06-19,0.15561669751753882
2017-06-20,0.15630610804496725
2017-06-21,0.15965861360367306
2017-06-22,0.15574024244680706
2017-06-23,0.15224954697752846
2017-06-26,0.14844160215402158
2017-06-27,0.1515621521194288
2017-06-28,0.155710096317621
2017-06-29,0.15944603281180458
2017-06-30,0.15384235820855663
2017-07-03,0.15424529831859113
2017-07-05,0.14577639323748515
2017-07-06,0.1507734860429102
2017-07-07,0.1608924041000086
2017-07-10,0.1483410752312102
2017-07-11,0.15413624975022033
2017-07-12,0.1513089136727268
2017-07-13,0.15122125166115485
2017-07-14,0.1541595266561533
2017-07-17,0.156866702076359
2017-07-18,0.15156235943720664
2017-07-19,0.151862020522874
2017-07-20,0.14986239653390854
2017-07-21,0.15495667900464816
2017-07-24,0.14605315763103532
2017-07-25,0.15665798422065325
2017-07-26,0.15735889465794695
2017-07-27,0.15850230104439733
2017-07-28,0.1523421525444686
2017-07-31,0.15634149038727085
2017-08-01,0.14644776065667453
2017-08-02,0.14816447431316893
2017-08-03,0.16648827612472727
2017-08-04,0.16671058538037498
2017-08-07,0.15866478064890632
2017-08-08,0.17150699322265917
2017-08-09,0.16981086744509133
2017-08-10,0.17757385875985987
2017-08-11,0.163523185033698
2017-08-14,0.16247588662918555
2017-08-15,0.1740660839035426
2017-08-16,0.168758754940592
2017-08-17,0.17105859738670115
2017-08-18,0.169516895341562
2017-08-21,0.1622489970813814
2017-08-22,0.16717009965011842
2017-08-23,0.16601647698751654
2017-08-24,0.1734310248878146
2017-08-25,0.16716476952675619
2017-08-28,0.16459787501130974
2017-08-29,0.16041905679516488
2017-08-30,0.1581249411594905
2017-08-31,0.16167432482495236
2017-09-01,0.15783115345576038
2017-09-05,0.15691258817247866
2017-09-06,0.16263581381146142
2017-09-07,0.1684974825723966
2017-09-08,0.16136601597018285
2017-09-11,0.16487034526889688
2017-09-12,0.16797059611505105
2017-09-13,0.166167286621405
2017-09-14,0.16798980766924587
2017-09-15,0.17063102463200308
2017-09-18,0.16891346226022375
2017-09-19,0.1751499313372744
2017-09-20,0.16741681050530066
2017-09-21,0.17502270346333293
2017-09-22,0.16349628368327251
2017-09-25,0.16995773074935938
2017-09-26,0.16037148259013678
2017-09-27,0.16916315554249994
2017-09-28,0.17448970654535456
2017-09-29,0.16903273293531917
2017-10-02,0.17496374872352183
2017-10-03,0.16563537694073305
2017-10-04,0.1720307885206891
2017-10-05,0.1731799455492189
2017-10-06,0.17055047212514096
2017-10-09,0.17432218336123695
2017-10-10,0.16542934394287268
2017-10-11,0.161372487397198
2017-10-12,0.15981228420101123
2017-10-13,0.16531660321208563
2017-10-16,0.1816906901722175
2017-10-17,0.18608942980225418
2017-10-18,0.17900620309275017
2017-10-19,0.18541821773258937
2017-10-20,0.18659278003154078
2017-10-23,0.17853967287509365
2017-10-24,0.1827977671747869
2017-10-25,0.17910751658724133
2017-10-26,0.1886165205168553
2017-10-27,0.19050577216447717
2017-10-30,0.17614421052049245
2017-10-31,0.18527484153793727
2017-11-01,0.1859938350601711
2017-11-02,0.1924542536017395
2017-11-03,0.17788233531119757
2017-11-06,0.18613722341451133
2017-11-07,0.1775585025910651
2017-11-08,0.17348950497957905
2017-11-09,0.17117082123034222
2017-11-10,0.17735025503482582
2017-11-13,0.1750191565554744
2017-11-14,0.1693222603617499
2017-11-15,0.16479870844014455
2017-11-16,0.15899832774660982
2017-11-17,0.16797236032082608
2017-11-20,0.1711228097058628
2017-11-21,0.17897771524164674
2017-11-22,0.1715871937055038
2017-11-24,0.18583871061782875
2017-11-27,0.1866041188969143
2017-11-28,0.1798271595962544
2017-11-29,0.179164442983633
2017-11-30,0.15828856649235656
2017-12-01,0.16111828039297493
2017-12-04,0.18162660233084682
2017-12-05,0.16809406935616256
2017-12-06,0.18610651128770828
2017-12-07,0.18956122004181242
2017-12-08,0.1827710130783815
2017-12-11,0.17270810778114543
2017-12-12,0.17524353660425773
2017-12-13,0.1698462911742058
2017-12-14,0.17493581582101259
2017-12-15,0.16885351877993982
2017-12-18,0.19548922882620556
2017-12-19,0.19805312006842168
2017-12-20,0.19961330071274364
2017-12-21,0.20503824636502666
2017-12-22,0.19782315828493835
2017-12-26,0.19984627550642986
2017-12-27,0.20978170673305963
2017-12-28,0.21159702077506726
2017-12-29,0.21238867646672355
2018-01-02,0.21471544150667565
2018-01-03,0.21697398128763257
2018-01-04,0.20082681628812726
2018-01-05,0.20386400567575058
2018-01-08,0.19561723354996619
2018-01-09,0.20059456363371364
2018-01-10,0.2164839284668041
2018-01-11,0.20866271698073557
2018-01-12,0.20864145362514575
2018-01-16,0.2077723217818579
2018-01-17,0.19106871726522923
2018-01-18,0.17471438197730826
2018-01-19,0.19016105253251459
2018-01-22,0.20953826182695567
2018-01-23,0.20574994103427735
2018-01-24,0.20078874326787877
2018-01-25,0.18473736227634285
2018-01-26,0.20901195439551845
2018-01-29,0.19052948825759186
2018-01-30,0.2116205721731108
2018-01-31,0.1995550172228735
2018-02-01,0.17675185112053704
2018-02-02,0.18940020374402633
2018-02-05,0.18770486921202334
2018-02-06,0.1870877780709126
2018-02-07,0.18140900761397827
2018-02-08,0.17694754252304157
2018-02-09,0.178684784922015
2018-02-12,0.17606679874598963
2018-02-13,0.165789016045238
2018-02-14,0.17190399729619332
2018-02-15,0.16342210969305704
2018-02-16,0.16930527147597485
2018-02-20,0.16625529732045652
2018-02-21,0.16920876642470994
2018-02-22,0.16440396751261832
2018-02-23,0.17004617517523246
2018-02-26,0.1737652424489824
2018-02-27,0.17613705773303612
2018-02-28,0.17238173671005752
2018-03-01,0.1722092622976623
2018-03-02,0.15659756252742807
2018-03-05,0.15551700582405648
2018-03-06,0.15810613884482216
2018-03-07,0.1537552255998469
2018-03-08,0.15615394570955599
2018-03-09,0.1526348458011979
2018-03-12,0.1542230514903884
2018-03-13,0.16103665894766794
2018-03-14,0.15322366896444883
2018-03-15,0.14792087958094813
2018-03-16,0.14456098835678244
2018-03-19,0.15316605350977186
2018-03-20,0.1446869472553285
2018-03-21,0.14882525944963843
2018-03-22,0.14650060137929732
2018-03-23,0.15130106367525564
2018-03-26,0.14960792695864522
2018-03-27,0.14338433287811703
2018-03-28,0.14653955760970727
2018-03-29,0.14563224418586862
2018-04-02,0.14618963348495373
2018-04-03,0.14679737336383303
2018-04-04,0.14340831875161153
2018-04-05,0.1449021831818722
2018-04-06,0.15473955840152387
2018-04-09,0.1514441779905209
2018-04-10,0.15056081596726179
2018-04-11,0.15492411356050173
2018-04-12,0.15148379873661955
2018-04-13,0.15158326054890092
2018-04-16,0.14757829980553283
2018-04-17,0.14638862465629776
2018-04-18,0.1442154638365869
2018-04-19,0.14732204507944813
2018-04-20,0.15060707568111842
2018-04-23,0.1432572263375722
2018-04-24,0.1391092149363906
2018-04-25,0.13948731902099598
2018-04-26,0.1359172810175331
2018-04-27,0.13330604129342838
2018-04-30,0.1338193060428714
2018-05-01,0.13380147051639102
2018-05-02,0.13237550339768633
2018-05-03,0.13659488684857535
2018-05-04,0.13344363183156172
2018-05-07,0.13085751012552427
2018-05-08,0.13554735257840034
2018-05-09,0.14186203312656587
2018-05-10,0.1369229510976484
2018-05-11,0.1394049418408425
2018-05-14,0.14226795077503085
2018-05-15,0.1457161657060666
2018-05-16,0.14710045513729342
2018-05-17,0.1398608346506376
2018-05-18,0.13508416832329306
2018-05-21,0.13266132035610934
2018-05-22,0.13518581066524193
2018-05-23,0.13721115200994882
2018-05-24,0.13512378792582025
2018-05-25,0.13413362997275335
2018-05-29,0.13227645932300014
2018-05-30,0.13434044926278732
2018-05-31,0.1258952945877876
2018-06-01,0.12568111938624482
2018-06-04,0.13108639108048314
2018-06-05,0.12874255643143995
2018-06-06,0.12381584752182428
2018-06-07,0.1262893811722534
2018-06-08,0.12551337973458465
2018-06-11,0.12804961939936543
2018-06-12,0.13260626417672206
2018-06-13,0.12494731074129417
2018-06-14,0.12156216295876154
2018-06-15,0.13039969474766955
2018-06-18,0.1309920093797785
2018-06-19,0.13132553985411732
2018-06-20,0.13299657342184346
2018-06-21,0.13226904634957504
2018-06-22,0.13271491377730005
2018-06-25,0.13158956580890502
2018-06-26,0.1256707100888561
2018-06-27,0.12612951562919372
2018-06-28,0.12587834660629404
2018-06-29,0.12446097962260572
2018-07-02,0.1307504837207878
2018-07-03,0.13284042882635583
2018-07-05,0.12351430774635586
2018-07-06,0.12452432454513684
2018-07-09,0.12037149347369991
2018-07-10,0.12267947092227782
2018-07-11,0.13045068119479053
2018-07-12,0.1369415170424233
2018-07-13,0.1331659259959288
2018-07-16,0.12806841298343685
2018-07-17,0.12936990621830025
2018-07-18,0.12532495026366486
2018-07-19,0.12292107918297424
2018-07-20,0.1230072348964304
2018-07-23,0.12168021291390874
2018-07-24,0.11842572258768924
2018-07-25,0.11574351364983637
2018-07-26,0.11062856019039313
2018-07-27,0.11292204033563813
2018-07-30,0.11635883705336991
2018-07-31,0.1265865240513424
2018-08-01,0.12252599019182697
2018-08-02,0.12163524789329339
2018-08-03,0.12460584118048335
2018-08-06,0.12271014069403141
2018-08-07,0.1206928467492625
2018-08-08,0.12199723455539879
2018-08-09,0.1248228141913903
2018-08-10,0.12643929919694852
2018-08-13,0.12143713367780151
2018-08-14,0.12058762198985606
2018-08-15,0.11981348682459392
2018-08-16,0.12058470325490278
2018-08-17,0.12097659826488094
2018-08-20,0.12556092353690396
2018-08-21,0.11948019263677767
2018-08-22,0.12300051090895425
2018-08-23,0.12903279919165467
2018-08-24,0.11956821205075086
2018-08-27,0.12099866215336008
2018-08-28,0.13188992764233465
2018-08-29,0.13015326516654735
2018-08-30,0.13663968491484457
2018-08-31,0.12531873829201023
2018-09-04,0.1269408568140027
2018-09-05,0.13061140285946626
2018-09-06,0.12708754404305944
2018-09-07,0.12700915247656508
2018-09-10,0.12647110631289693
2018-09-11,0.126473766546916
2018-09-12,0.12413535205604354
2018-09-13,0.1231795406772127
2018-09-14,0.12178305019256652
2018-09-17,0.12183541497224604
2018-09-18,0.12820557709749703
2018-09-19,0.1248630327874829
2018-09-20,0.1234043170597856
2018-09-21,0.11642232738400504
2018-09-24,0.11839829328464302
2018-09-25,0.11926186734926159
2018-09-26,0.11784006164333061
2018-09-27,0.12238027637996263
2018-09-28,0.12308605921368243
2018-10-01,0.12784650751687288
2018-10-02,0.1211616302248284
2018-10-03,0.12138115029816143
2018-10-04,0.13062655011792534
2018-10-05,0.13238066332624832
2018-10-08,0.12329861203665593
2018-10-09,0.13026057866125385
2018-10-10,0.13189910584942055
2018-10-11,0.1249416721505332
2018-10-12,0.12624732976983877
2018-10-15,0.12733630439759724
2018-10-16,0.12533398845534527
2018-10-17,0.13196661987525404
2018-10-18,0.13881814117297453
2018-10-19,0.1367245213907322
2018-10-22,0.13740414808386525
2018-10-23,0.13364588609379657
2018-10-24,0.13125647198658097
2018-10-25,0.1354077334130881
2018-10-26,0.13031612130893633
2018-10-29,0.1289951772476543
2018-10-30,0.12483515760118902
2018-10-31,0.12769752934653567
2018-11-01,0.12342485058226704
2018-11-02,0.12434550484727436
2018-11-05,0.12625027686430856
2018-11-06,0.11810300224785397
2018-11-07,0.11293342278436969
2018-11-08,0.11011958594496507
2018-11-09,0.10594366245732778
2018-11-12,0.1070714821940677
2018-11-13,0.10305004910364546
2018-11-14,0.10166268381256827
2018-11-15,0.10468280203500036
2018-11-16,0.09727134247680724
2018-11-19,0.09795357030127727
2018-11-20,0.09531835665418864
2018-11-21,0.094068147101803
2018-11-23,0.09918677718952473
2018-11-26,0.10304835455385275
2018-11-27,0.10069520401871435
2018-11-28,0.10363276809643773
2018-11-29,0.10228859937760681
2018-11-30,0.10480703473249542
2018-12-03,0.10029221109619768
2018-12-04,0.10585732958774297
2018-12-06,0.10549701482924623
2018-12-07,0.1019192115028662
2018-12-10,0.09918798410888763
2018-12-11,0.10671467940932255
2018-12-12,0.10830125238061217
2018-12-13,0.12272286427264989
2018-12-14,0.11118886506402648
2018-12-17,0.1087863135673286
2018-12-18,0.11846728684745678
2018-12-19,0.11845790080698371
2018-12-20,0.1165402647613929
2018-12-21,0.10605510075084568
2018-12-24,0.1117546509108065
2018-12-26,0.11336880437371888
2018-12-27,0.11774759825172554
2018-12-28,0.12137692308109505
2018-12-31,0.11478335590980038
2019-01-02,0.12439524569150362
2019-01-03,0.12600734870548558
2019-01-04,0.11957653374046706
2019-01-07,0.12432700833797883
2019-01-08,0.12574309197776645
2019-01-09,0.12673600080424463
2019-01-10,0.12624079832552737
2019-01-11,0.12338966739954094
2019-01-14,0.13066587053646916
2019-01-15,0.11986963575702458
2019-01-16,0.12178259901857325
2019-01-17,0.12296612498675841
2019-01-18,0.12086248719951587
2019-01-22,0.13849719087976675
2019-01-23,0.1415478784278139
2019-01-24,0.14259173033855377
2019-01-25,0.12558916626751215
2019-01-28,0.1267267316368874
2019-01-29,0.13119458181612753
2019-01-30,0.13976898070918264
2019-01-31,0.14084353752712708
2019-02-01,0.1319856489853095
2019-02-04,0.12467246258782971
2019-02-05,0.13435719111993283
2019-02-06,0.14062325198625936
2019-02-07,0.13198761366216427
2019-02-08,0.11810933774592103
2019-02-11,0.1152542554405751
2019-02-12,0.11715201505338602
2019-02-13,0.10925510950961681
2019-02-14,0.12055070666573342
2019-02-15,0.1316301471088126
2019-02-19,0.13167372758724372
2019-02-20,0.13619360276995263
2019-02-21,0.1338870112457189
2019-02-22,0.136612996866895
2019-02-25,0.13621495728529376
2019-02-26,0.13334629876275295
2019-02-27,0.13896308126767387
2019-02-28,0.13207966930622805
2019-03-01,0.13765232589077891
2019-03-04,0.13796061837611462
2019-03-05,0.12510123751849989
2019-03-06,0.1197667369387947
2019-03-07,0.11047526479370462
2019-03-08,0.1080391533799232
2019-03-11,0.09767115120159486
2019-03-12,0.09761189708127538
2019-03-13,0.10361868891225434
2019-03-14,0.10309803060852119
2019-03-15,0.10115233842167015
2019-03-18,0.09411239131594917
2019-03-19,0.09016796978024666
2019-03-20,0.08909113163592153
2019-03-21,0.08734473454888159
2019-03-22,0.08197956151119357
2019-03-25,0.0855298284088224
2019-03-26,0.08950262485026461
2019-03-27,0.08613631510327324
2019-03-28,0.07669498701949418
2019-03-29,0.08284146662664771
2019-04-01,0.0878876367751753
2019-04-02,0.08759344283305825
2019-04-03,0.09051582680800752
2019-04-04,0.08248738167247494
2019-04-05,0.08659865771901143
2019-04-08,0.08935521089798537
2019-04-09,0.08722220062413522
2019-04-10,0.08661578853483465
2019-04-11,0.08379711838188819
2019-04-12,0.0838810758778541
2019-04-15,0.08095584890435226
2019-04-16,0.07442460116353478
2019-04-17,0.07086861293050917
2019-04-18,0.07110934081730869
2019-04-22,0.068167774629319
2019-04-23,0.06023155874256503
2019-04-24,0.057030814356977766
2019-04-25,0.052683438823901696
2019-04-26,0.04997893385053587
2019-04-29,0.053642401771023085
2019-04-30,0.055904246861215645
2019-05-01,0.05498455743072306
2019-05-02,0.05378410743493478
2019-05-03,0.05192235766873976
2019-05-06,0.05586493303751183
2019-05-07,0.05695858043412949
2019-05-08,0.060431339206904466
2019-05-09,0.06574915717935048
2019-05-10,0.06327724340681251
2019-05-13,0.06784477775875564
2019-05-14,0.06287479213321467
2019-05-15,0.06533957495758447
2019-05-16,0.06319585455039434
2019-05-17,0.063183504520826
2019-05-20,0.06370301358736619
2019-05-21,0.06280241911040751
2019-05-22,0.06069499129138767
2019-05-23,0.06428659555555827
2019-05-24,0.05960523906063875
2019-05-28,0.06406920798921845
2019-05-29,0.06380190640652494
2019-05-30,0.055122310350512294
2019-05-31,0.0573800617593736
2019-06-03,0.05348154288556328
2019-06-04,0.055158440332116365
2019-06-05,0.05390923915441315
2019-06-06,0.05128139811276977
2019-06-07,0.0573431168628884
2019-06-10,0.05372746262870898
2019-06-11,0.04971412114016682
2019-06-12,0.04307536905420095
2019-06-13,0.04466375739170014
2019-06-14,0.04156532356671305
2019-06-17,0.04532279968611186
2019-06-18,0.04077556063641041
2019-06-19,0.04324327742943557
2019-06-20,0.040679726936750704
2019-06-21,0.04182115795986818
2019-06-24,0.0410629299221954
2019-06-25,0.04341170060983446
2019-06-26,0.0454961933669078
2019-06-27,0.04614015494703261
2019-06-28,0.04170945143075677
2019-07-01,0.0375061753145447
2019-07-02,0.045218388065035864
2019-07-03,0.04001623183806857
2019-07-05,0.043777304142360585
2019-07-08,0.03817399689565071
2019-07-09,0.04078321491396841
2019-07-10,0.040756375861546346
2019-07-11,0.04844151912241279
2019-07-12,0.044638309776685814
2019-07-15,0.044473552139547845
2019-07-16,0.046469884740935274
2019-07-17,0.045107096314065176
2019-07-18,0.03845676161866862
2019-07-19,0.03852121053199786
2019-07-22,0.04316609917075254
2019-07-23,0.04237292221027644
2019-07-24,0.041402076022245105
2019-07-25,0.0456630274191272
2019-07-26,0.0442953946665392
2019-07-29,0.04540407012313352
2019-07-30,0.04626207703556262
2019-07-31,0.040047877776439034
2019-08-01,0.04612418591216638
2019-08-02,0.04325049908363843
2019-08-05,0.03413883232978021
2019-08-06,0.03561414515267036
2019-08-07,0.034619652283893965
2019-08-08,0.032514909168883666
2019-08-09,0.03256199122280301
2019-08-12,0.03106475516253271
2019-08-13,0.027476544798871183
2019-08-14,0.02868741067719971
2019-08-15,0.029135289398502184
2019-08-16,0.032829906761211225
2019-08-19,0.031165171044704065
2019-08-20,0.031809256175863165
2019-08-21,0.03256019169182656
2019-08-22,0.02978870768537334
2019-08-23,0.029191372894380896
2019-08-26,0.030548020969817014
2019-08-27,0.025797433876942222
2019-08-28,0.02837600642149396
2019-08-29,0.029959299939658957
2019-08-30,0.031035504677772607
2019-09-03,0.03169188237788578
2019-09-04,0.03215427000357063
2019-09-05,0.035491872173136096
2019-09-06,0.03935421183603016
2019-09-09,0.03822580482943949
2019-09-10,0.03640263550507661
2019-09-11,0.03270772625120011
2019-09-12,0.034170729281572054
2019-09-13,0.04005702434041125
2019-09-16,0.0382645288167025
2019-09-17,0.03646446042078755
2019-09-18,0.041046437596296226
2019-09-19,0.041814417864081355
2019-09-20,0.04049030450615443
2019-09-23,0.038887616627609756
2019-09-24,0.04172837567618193
2019-09-25,0.03803722128899589
2019-09-26,0.034531576400097075
2019-09-27,0.030834275353935015
2019-09-30,0.031572394236254464
2019-10-01,0.03411764740651879
2019-10-02,0.0324785531527485
2019-10-03,0.029030122888365373
2019-10-04,0.02684666552088988
2019-10-07,0.030326243287428056
2019-10-08,0.026186629607109824
2019-10-09,0.02581155286896264
2019-10-10,0.02780367416367291
2019-10-11,0.02588068419717038
2019-10-14,0.02998734762395694
2019-10-15,0.02617175604728139
2019-10-16,0.020876828940304737
2019-10-17,0.023187179787414358
2019-10-18,0.02006451719855651
2019-10-21,0.019470511998833206
2019-10-22,0.021736811867387296
2019-10-23,0.02119665294138784
2019-10-24,0.018907452878969666
2019-10-25,0.01782426629177536
2019-10-28,0.017697632923702633
2019-10-29,0.016780330259442255
2019-10-30,0.022939437378060035
2019-10-31,0.01640511050457638
2019-11-01,0.018613259214729894
2019-11-04,0.022133791584103557
2019-11-05,0.021088480465648818
2019-11-06,0.023628724429028525
2019-11-07,0.021350877883824726
2019-11-08,0.023631954162130153
2019-11-11,0.02172434294044745
2019-11-12,0.015257051814701494
2019-11-13,0.016463303233030135
2019-11-14,0.028605408918721764
2019-11-15,0.021842800962973863
2019-11-18,0.0252558960087903
2019-11-19,0.02226333594230745
2019-11-20,0.01824098158271381
2019-11-21,0.018828306340500145
2019-11-22,0.01867969785019974
2019-11-25,0.020795072777817225
2019-11-26,0.023784870960288362
2019-11-27,0.028366350604698054
2019-11-29,0.029492535826231014
2019-12-02,0.025576263619088158
2019-12-03,0.024815649029402254
2019-12-04,0.02060534020682958
2019-12-05,0.019580611659669067
2019-12-06,0.01886782780178753
2019-12-09,0.020213769247829694
2019-12-10,0.021929015736858126
2019-12-11,0.0230439430551157
2019-12-12,0.022520823212508922
2019-12-13,0.023758923657466013
2019-12-16,0.026267711180006037
2019-12-17,0.023225088714791342
2019-12-18,0.027347449625544584
2019-12-19,0.024969994552883623
2019-12-20,0.032597106743774695
2019-12-23,0.031232518776184826
2019-12-24,0.030320967027091195
2019-12-26,0.031842859716122884
2019-12-27,0.03204519029720476
2019-12-30,0.03141392803508669
2019-12-31,0.028673388237067554
2020-01-02,0.03073926771113822
2020-01-03,0.035241143165310795
2020-01-06,0.033455623749235386
2020-01-07,0.03954632847755324
2020-01-08,0.03379536857008891
2020-01-09,0.032434210588648815
2020-01-10,0.03213769442061376
2020-01-13,0.027770107700076485
2020-01-14,0.030170534974679253
2020-01-15,0.03298124614713571
2020-01-16,0.03337708324718669
2020-01-17,0.03226236017811357
2020-01-21,0.03147909479605038
2020-01-22,0.03208604991011943
2020-01-23,0.03755019401853721
2020-01-24,0.03480473679568474
2020-01-27,0.03218424865830505
2020-01-28,0.03063489446750345
2020-01-29,0.03157598482428958
2020-01-30,0.03262006062801981
2020-01-31,0.027016260740259757
2020-02-03,0.027750681159039337
2020-02-04,0.03307205194845242
2020-02-05,0.03169083548044793
2020-02-06,0.03354215746633571
2020-02-07,0.03245758864630521
2020-02-10,0.02789288461885575
2020-02-11,0.037937655841618234
2020-02-12,0.04493212679922576
2020-02-13,0.040426385768056905
2020-02-14,0.04180471235377059
2020-02-18,0.037784984620415685
2020-02-19,0.03887462016843091
2020-02-20,0.04077187287049311
2020-02-21,0.03939586905434589
2020-02-24,0.03866589455622571
2020-02-25,0.0349311224319484
2020-02-26,0.03714675019669844
2020-02-27,0.040016689002704275
2020-02-28,0.03640651972127973
2020-03-02,0.03254620635877514
2020-03-03,0.03237601778321664
2020-03-04,0.03936556856684814
2020-03-05,0.043333887663153714
2020-03-06,0.048230040398105745
2020-03-09,0.01457512739721345
2020-03-10,0.026824126730931708
2020-03-11,0.019929053688486853
2020-03-12,0.0019639444900794167
2020-03-13,0.002759697276248474
2020-03-16,-0.003207182854823243
2020-03-17,-0.026114373117282264
2020-03-18,-0.07523880504288671
2020-03-19,-0.09069660822885084
2020-03-20,-0.03554783012103058
2020-03-23,-0.0227236057456901
2020-03-24,-0.006080009543136478
2020-03-25,-0.020846718293293875
2020-03-26,-0.02109189656539434
2020-03-27,-0.017802525941493563
2020-03-30,-0.022991319051687942
2020-03-31,-0.01581871695506698
2020-04-01,0.0023555000054983344
2020-04-02,0.02170912208295772
2020-04-03,0.04615578878304627
2020-04-06,0.0054610473288354555
2020-04-07,0.011680486251009814
2020-04-08,-0.0008923923244994469
2020-04-09,-0.016008938603901735
2020-04-13,0.00036558364713124014
2020-04-14,0.0042237508763569576
2020-04-15,0.012558299584984223
2020-04-16,0.004211407064697914
2020-04-17,0.006523375485488758
2020-04-20,0.005092740198940682
2020-04-21,0.006201433767633935
2020-04-22,0.00997079625670283
2020-04-23,0.012015870098818882
2020-04-24,0.01882005275572829
2020-04-27,0.013810843848412802
2020-04-28,0.014921991233052267
2020-04-29,0.011673283680953883
2020-04-30,0.012138368901750018
2020-05-01,0.011016344274803025
2020-05-04,0.00881864674592836
2020-05-05,0.01783960360652892
2020-05-06,0.017394873654727583
2020-05-07,0.020678945768795698
2020-05-08,0.01755920410918277
2020-05-11,0.016327260999822846
2020-05-12,0.017926736410548427
2020-05-13,0.014573492618839445
2020-05-14,0.013941791192717101
2020-05-15,0.013821961474557165
2020-05-18,0.011916593405145948
2020-05-19,0.01099429641566596
2020-05-20,0.01923090537070138
2020-05-21,0.014496079187553912
2020-05-22,0.01726306509233977
2020-05-26,0.022239848239546056
2020-05-27,0.024743554522780542
2020-05-28,0.023877810395276367
2020-05-29,0.02772401360195187
2020-06-01,0.021465489369613344
2020-06-02,0.023197459461605785
2020-06-03,0.029377485972586603
2020-06-04,0.030723311465166825
2020-06-05,0.04183292836719721
2020-06-08,0.04194170476747172
2020-06-09,0.04277059901768232
2020-06-10,0.04805530159759619
2020-06-11,0.043453019580236285
2020-06-12,0.04474938180072807
2020-06-15,0.04498381656081385
2020-06-16,0.05048688738091056
2020-06-17,0.056080005329620874
2020-06-18,0.05139903104906174
2020-06-19,0.057318545658623155
2020-06-22,0.058169374788003214
2020-06-23,0.06526462945848444
2020-06-24,0.06630741736675794
2020-06-25,0.06610728825705081
2020-06-26,0.06032044731702024
2020-06-29,0.056276322561473524
2020-06-30,0.0633466027972267
2020-07-01,0.0622565525318739
2020-07-02,0.05941766734631915
2020-07-06,0.061388140053461715
2020-07-07,0.06575750730143914
2020-07-08,0.06328876437348474
2020-07-09,0.0634581750818699
2020-07-10,0.06577109567909711
2020-07-13,0.06658654407493025
2020-07-14,0.06686733891121155
2020-07-15,0.0711490919106148
2020-07-16,0.07083665113266169
2020-07-17,0.0713646714466667
2020-07-20,0.07083208389133744
2020-07-21,0.07033872771031024
2020-07-22,0.07426900329552066
2020-07-23,0.07338775685509713
2020-07-24,0.07798394882857362
2020-07-27,0.07541149109447365
2020-07-28,0.07241209318154529
2020-07-29,0.07479645218620545
2020-07-30,0.07492377906177272
2020-07-31,0.08424381243786416
2020-08-03,0.08500138101747434
2020-08-04,0.08161332897500184
2020-08-05,0.08026123401896479
2020-08-06,0.08349252987353606
2020-08-07,0.08454144054294743
2020-08-10,0.08164588595748579
2020-08-11,0.08126233310754127
2020-08-12,0.08352099286852477
2020-08-13,0.08053248319915918
2020-08-14,0.07761030127897617
2020-08-17,0.07686490934279888
2020-08-18,0.07166548659510386
2020-08-19,0.07100418073905934
2020-08-20,0.07290693004681681
2020-08-21,0.0762635107441938
2020-08-24,0.0783129034878427
2020-08-25,0.07600037503835533
2020-08-26,0.07738778488819564
2020-08-27,0.07677585477928583
2020-08-28,0.07478026229976775
2020-08-31,0.0746008470454178
2020-09-01,0.07759735048120753
2020-09-02,0.07808687958599059
2020-09-03,0.08025876572015456
2020-09-04,0.07520353505610355
2020-09-08,0.06927130694255657
2020-09-09,0.06259836995541579
2020-09-10,0.06633648034256656
2020-09-11,0.05937604006549013
2020-09-14,0.057650532637606444
2020-09-15,0.05773172723613795
2020-09-16,0.05886247262777111
2020-09-17,0.06184445513266135
2020-09-18,0.06450532813591603
2020-09-21,0.05939023878321681
2020-09-22,0.06010712057054235
2020-09-23,0.059024101145867425
2020-09-24,0.050917559233804255
2020-09-25,0.05277542974036842
2020-09-28,0.05285731138326755
2020-09-29,0.05015587766753904
2020-09-30,0.05266604161110955
2020-10-01,0.05276093892413991
2020-10-02,0.05020110629257735
2020-10-05,0.05131913518711717
2020-10-06,0.05425064157630666
2020-10-07,0.052855817836198415
2020-10-08,0.05338509865545116
2020-10-09,0.05334552809642412
2020-10-12,0.0528455234010512
2020-10-13,0.0563293255206736
2020-10-14,0.05549456467006353
2020-10-15,0.05134172308566409
2020-10-16,0.04902267557260509
2020-10-19,0.05037456867079926
2020-10-20,0.05105522203459878
2020-10-21,0.05016143353715119
2020-10-22,0.05421901403240437
2020-10-23,0.052811414267353696
2020-10-26,0.05958602127306745
2020-10-27,0.060174870016016735
2020-10-28,0.054817853292335794
2020-10-29,0.053901045794925384
2020-10-30,0.058227446023879637
2020-11-02,0.05647245134796508
2020-11-03,0.05381986284643947
2020-11-04,0.05479318958484214
2020-11-05,0.055224331773968904
2020-11-06,0.058954176964284066
2020-11-09,0.062380129023627884
2020-11-10,0.06531843787501201
2020-11-11,0.06535599323998809
2020-11-12,0.07132678845324558
2020-11-13,0.0690379009518911
2020-11-16,0.06924230699591472
2020-11-17,0.07287390360417545
2020-11-18,0.07480349400996933
2020-11-19,0.08165843467481038
2020-11-20,0.07927376161446054
2020-11-23,0.0809166991693151
2020-11-24,0.08108551496179084
2020-11-25,0.08396668335908686
2020-11-27,0.08298573608717197
2020-11-30,0.0827915080177628
2020-12-01,0.08354624007644951
2020-12-02,0.0897176193957947
2020-12-03,0.09054158841460302
2020-12-04,0.09206793398782365
2020-12-07,0.09154438290032041
2020-12-08,0.09498256633503033
2020-12-09,0.09211331832528513
2020-12-10,0.09468419233131176
2020-12-11,0.09457934695355164
2020-12-14,0.08933897967273552
2020-12-15,0.09157424774523748
2020-12-16,0.09222351536180606
2020-12-17,0.09169916254132393
2020-12-18,0.09245814321284263
2020-12-21,0.09272624012991981
2020-12-22,0.09420324301484984
2020-12-23,0.09601177952370765
2020-12-24,0.09655264101022043
2020-12-28,0.09373450364736269
2020-12-29,0.09488040408934362
2020-12-30,0.09218277057782309
2020-12-31,0.09085432421231787
2021-01-04,0.09323631755190975
2021-01-05,0.09698544979214563
2021-01-06,0.09162958438455315
2021-01-07,0.09335326137485045
2021-01-08,0.0886612531971569
2021-01-11,0.08685126588194048
2021-01-12,0.0885161196589741
2021-01-13,0.08614406144236009
2021-01-14,0.08755068565527835
2021-01-15,0.08763812043399244
2021-01-19,0.08914999188080541
2021-01-20,0.09576776017668176
2021-01-21,0.09092817916117335
2021-01-22,0.08805666748095597
2021-01-25,0.08622573169237469
2021-01-26,0.0854385605476835
2021-01-27,0.08694914167603263
2021-01-28,0.0850507902240083
2021-01-29,0.08456025767676612
2021-02-01,0.0832758374411331
2021-02-02,0.09070932606008841
2021-02-03,0.09207743261535373
2021-02-04,0.08968746410493744
2021-02-05,0.0912696951802967
2021-02-08,0.09578808329030197
2021-02-09,0.10064033790353166
2021-02-10,0.10097338976024894
2021-02-11,0.10113198351216823
2021-02-12,0.10525075686446606
2021-02-16,0.10386110005433014
2021-02-17,0.10713211180892346
2021-02-18,0.10465249971921153
2021-02-19,0.10650742093083676
2021-02-22,0.104807722146393
2021-02-23,0.10514227958707623
2021-02-24,0.10744240346520195
2021-02-25,0.10097227617983551
2021-02-26,0.105812748857679
2021-03-01,0.10114572394916554
2021-03-02,0.10315741624538677
2021-03-03,0.09752370751469464
2021-03-04,0.10441576460009583
2021-03-05,0.1053757221602738
2021-03-08,0.10203944196885995
2021-03-09,0.09874524941660368
2021-03-10,0.09884853288321893
2021-03-11,0.10003354369379336
2021-03-12,0.09491526064015599
2021-03-15,0.0928443282442637
2021-03-16,0.09489489674496432
2021-03-17,0.09683924763906693
2021-03-18,0.09532480522410047
2021-03-19,0.09147539519379433
2021-03-22,0.09385518011636185
2021-03-23,0.09629812651033598
2021-03-24,0.09864816226513096
2021-03-25,0.09917788223380741
2021-03-26,0.1023230835431217
2021-03-29,0.10287349695059667
2021-03-30,0.10308057376192381
2021-03-31,0.1014609851076933
2021-04-01,0.10498499489637902
2021-04-05,0.10420672067895342
2021-04-06,0.10732933672790557
2021-04-07,0.11042374630075091
2021-04-08,0.10409242711606481
2021-04-09,0.10281294073885405
2021-04-12,0.09853395053478264
2021-04-13,0.09962451124164295
2021-04-14,0.1014284444190725
2021-04-15,0.1011150383265873
2021-04-16,0.10670576555102684
2021-04-19,0.10488677143082237
2021-04-20,0.1053972765003055
2021-04-21,0.09887690529820725
2021-04-22,0.10220508461702282
2021-04-23,0.10315270767310425
2021-04-26,0.10675467844034636
2021-04-27,0.10942280986393071
2021-04-28,0.11069329269983141
2021-04-29,0.1077607603959565
2021-04-30,0.10791771174340647
2021-05-03,0.10932812597233355
2021-05-04,0.11489490124505375
2021-05-05,0.11252165568467909
2021-05-06,0.11331797566870572
2021-05-07,0.11432959681152233
2021-05-10,0.11277832389689135
2021-05-11,0.11299237147845709
2021-05-12,0.11093975698263603
2021-05-13,0.10704209547610288
2021-05-14,0.10267598972527625
2021-05-17,0.10361237641153198
2021-05-18,0.10506639562519249
2021-05-19,0.1067958732492722
2021-05-20,0.10989076914300244
2021-05-21,0.11225717756354037
2021-05-24,0.11357304481570463
2021-05-25,0.11042186218121697
2021-05-26,0.11146974148626199
2021-05-27,0.11280179626252096
2021-05-28,0.11522330410778348
2021-06-01,0.11442563900156011
2021-06-02,0.11745686759606366
2021-06-03,0.11641949637528426
2021-06-04,0.11646129017119211
2021-06-07,0.11630951968524617
2021-06-08,0.11888665455790148
2021-06-09,0.12307265277823554
2021-06-10,0.123035096031481
2021-06-11,0.12429422591272377
2021-06-14,0.12553938195837877
2021-06-15,0.1291098028587574
2021-06-16,0.12602258702199465
2021-06-17,0.12729653601901147
2021-06-18,0.1298572773033575
2021-06-21,0.12978434858722077
2021-06-22,0.13006487277073497
2021-06-23,0.13076666317179364
2021-06-24,0.12997409859837528
2021-06-25,0.13079211329391738
2021-06-28,0.1354603857874308
2021-06-29,0.13388627340928116
2021-06-30,0.13605447285799355
2021-07-01,0.14021322404430214
2021-07-02,0.14138266800811383
2021-07-06,0.14563110947293745
2021-07-07,0.1509141366460396
2021-07-08,0.15120416297191097
2021-07-09,0.1513278063262049
2021-07-12,0.14912970703668127
2021-07-13,0.1476000622397622
2021-07-14,0.1464386558953772
2021-07-15,0.1492288886701496
2021-07-16,0.15038148738222512
2021-07-19,0.14888872594905256
2021-07-20,0.1459065568745097
2021-07-21,0.1465589339979021
2021-07-22,0.1474167887821558
2021-07-23,0.14724303380674297
2021-07-26,0.1483172564361952
2021-07-27,0.14920800714917126
2021-07-28,0.14828381339875696
2021-07-29,0.1454742715530577
2021-07-30,0.1473957416943703
2021-08-02,0.14846918991375935
2021-08-03,0.1460355817590122
2021-08-04,0.146298656307569
2021-08-05,0.14606001902037802
2021-08-06,0.1470754207126692
2021-08-09,0.14784601149729326
2021-08-10,0.1437199935924265
2021-08-11,0.14801316035332945
2021-08-12,0.14490335182148706
2021-08-13,0.14737991912716786
2021-08-16,0.146281592368956
2021-08-17,0.14828774060052563
2021-08-18,0.1470278559602971
2021-08-19,0.14710268824020578
2021-08-20,0.14626766039954542
2021-08-23,0.14717045568962916
2021-08-24,0.14896248548188096
2021-08-25,0.149335382045112
2021-08-26,0.15062796681760626
2021-08-27,0.15131372376648589
2021-08-30,0.1526166334265875
2021-08-31,0.15200470289089396
2021-09-01,0.1561679657516999
2021-09-02,0.15642159404622502
2021-09-03,0.15634116752275884
2021-09-07,0.1519079880691352
2021-09-08,0.15493230561082694
2021-09-09,0.15487061287816495
2021-09-10,0.15631049423844035
2021-09-13,0.15504625229895797
2021-09-14,0.15682907277188796
2021-09-15,0.15864341223609024
2021-09-16,0.15967921480324554
2021-09-17,0.15798620491844018
2021-09-20,0.15621548124772922
2021-09-21,0.15511342274721307
2021-09-22,0.15569338660952448
2021-09-23,0.15490981038387996
2021-09-24,0.15456037273226397
2021-09-27,0.15123330793648093
2021-09-28,0.14810864803644752
2021-09-29,0.1495211118220181
2021-09-30,0.15058620317429328
2021-10-01,0.14959832014266472
2021-10-04,0.14874620292477259
2021-10-05,0.14779148913976292
2021-10-06,0.149181891142258
2021-10-07,0.14940611392547476
2021-10-08,0.1493213782757965
2021-10-11,0.1443138579294918
2021-10-12,0.14616825048546334
2021-10-13,0.149946796706109
2021-10-14,0.14864842243423193
2021-10-15,0.14875501057261387
2021-10-18,0.15053961201097876
2021-10-19,0.15196028499962688
2021-10-20,0.14851426134594425
2021-10-21,0.15384359714987705
2021-10-22,0.1543533906406711
2021-10-25,0.15557307863746805
2021-10-26,0.15983152590274652
2021-10-27,0.16203536145571729
2021-10-28,0.16293162482194878
2021-10-29,0.16689289633328097
2021-11-01,0.17007187769473808
2021-11-02,0.16973234213756494
2021-11-03,0.17186510556004952
2021-11-04,0.17171792737623082
2021-11-05,0.17489829831568549
2021-11-08,0.17600301510182592
2021-11-09,0.184511620895069
2021-11-10,0.1827842111029574
2021-11-11,0.18529946382855234
2021-11-12,0.18339893729526602
2021-11-15,0.18406766567170618
2021-11-16,0.18555448005064146
2021-11-17,0.18826283296069768
2021-11-18,0.19440301156149697
2021-11-19,0.1960355110862595
2021-11-22,0.19339249865959074
2021-11-23,0.18883395379133194
2021-11-24,0.1924705775262363
2021-11-26,0.1842902445194794
2021-11-29,0.1872319158376501
2021-11-30,0.18484374987237961
2021-12-01,0.1885551481403731
2021-12-02,0.185269633919106
2021-12-03,0.1875019403629843
2021-12-06,0.18357342091883688
2021-12-07,0.18458294500843864
2021-12-08,0.19113756045659613
2021-12-09,0.1873115982233493
2021-12-10,0.1881447416931339
2021-12-13,0.1868892590318183
2021-12-14,0.18645853069527085
2021-12-15,0.18619293993128005
2021-12-16,0.18483072299376246
2021-12-17,0.1867655334074012
2021-12-20,0.18461919178945285
2021-12-21,0.1869369649374879
2021-12-22,0.1912704834996013
2021-12-23,0.1949016074404688
2021-12-27,0.19645689969243252
2021-12-28,0.18989036580996466
2021-12-29,0.1852564232681131
2021-12-30,0.18984267767727436
2021-12-31,0.1860105525279918
2022-01-03,0.18127792935572362
2022-01-04,0.18040594651743125
2022-01-05,0.16838144187290882
2022-01-06,0.1675180239620293
2022-01-07,0.16211408525658633
2022-01-10,0.16049934339090322
2022-01-11,0.16217480029818176
2022-01-12,0.16050062177511437
2022-01-13,0.16016423011925607
2022-01-14,0.16102207833383253
2022-01-18,0.15964041241780347
2022-01-19,0.15996352569941297
2022-01-20,0.15588113372122359
2022-01-21,0.156933105384794
2022-01-24,0.15811036018414648
2022-01-25,0.15809037915818758
2022-01-26,0.15416135548513976
2022-01-27,0.155496966725035
2022-01-28,0.14833934435979246
2022-01-31,0.14732662874422564
2022-02-01,0.14584075882225989
2022-02-02,0.14848689534581827
2022-02-03,0.14279815919586603
2022-02-04,0.13419178341429983
2022-02-07,0.13525908281970378
2022-02-08,0.1340434075790402
2022-02-09,0.136096486640493
2022-02-10,0.1366387538299032
2022-02-11,0.1374582911543356
2022-02-14,0.13536177500996138
2022-02-15,0.12829846014598667
2022-02-16,0.12966375864892754
2022-02-17,0.1290857928888567
2022-02-18,0.1268288994549147
2022-02-22,0.12662567151893134
2022-02-23,0.1217878171737714
2022-02-24,0.12042515678761179
2022-02-25,0.11888360824116018
2022-02-28,0.12272858249308394
2022-03-01,0.12438823897881712
2022-03-02,0.12476396122017164
2022-03-03,0.12091292197934034
2022-03-04,0.12093645037382017
2022-03-07,0.12111672160166176
2022-03-08,0.1205536566575085
2022-03-09,0.12140597916245466
2022-03-10,0.12271635310640616
2022-03-11,0.1253650016943202
2022-03-14,0.1262160043346392
2022-03-15,0.12588370834969886
2022-03-16,0.12319096395100093
2022-03-17,0.12277151094794503
2022-03-18,0.12324517756898756
2022-03-21,0.1190836116599272
2022-03-22,0.1174285929574872
2022-03-23,0.1172433764587244
2022-03-24,0.11380511237992863
2022-03-25,0.11737133102181607
2022-03-28,0.1196230064703796
2022-03-29,0.12356829839041605
2022-03-30,0.11859986258317079
2022-03-31,0.12157476009630974
2022-04-01,0.11825085405550073
2022-04-04,0.12124086105595544
2022-04-05,0.117779587660096
2022-04-06,0.11607444447953963
2022-04-07,0.11226727447766316
2022-04-08,0.10979692434009913
2022-04-11,0.10953424562211622
2022-04-12,0.10738730554145515
2022-04-13,0.10788010052272745
2022-04-14,0.10808742759028567
2022-04-18,0.10649460836861824
2022-04-19,0.10349566210509464
2022-04-20,0.10151589520308035
2022-04-21,0.09933813800237035
2022-04-22,0.09631048578300505
2022-04-25,0.0974248564014466
2022-04-26,0.09760258987083548
2022-04-27,0.09871961251047146
2022-04-28,0.09737211807925905
2022-04-29,0.09325097232992507
2022-05-02,0.09348087707238473
2022-05-03,0.0903163247170411
2022-05-04,0.0909046106050726
2022-05-05,0.09019246514781898
2022-05-06,0.08695534234178726
2022-05-09,0.08988432032770466
2022-05-10,0.09052292113641225
2022-05-11,0.09094491767945323
2022-05-12,0.09604612308374616
2022-05-13,0.09584995028960575
2022-05-16,0.09690150401397912
2022-05-17,0.0942853868602187
2022-05-18,0.09259798346119252
2022-05-19,0.09579867714302637
2022-05-20,0.09734035153397502
2022-05-23,0.09365696975653726
2022-05-24,0.10158220832838194
2022-05-25,0.0957445377605377
2022-05-26,0.0975550862407204
2022-05-27,0.10479167033710679
2022-05-31,0.10279963454892749
2022-06-01,0.10312352843443473
2022-06-02,0.10551535969015524
2022-06-03,0.10377994915773714
2022-06-06,0.09939888729703661
2022-06-07,0.09889044075285525
2022-06-08,0.09665736021305071
2022-06-09,0.09640361223544502
2022-06-10,0.09061049786358133
2022-06-13,0.08377605866840154
2022-06-14,0.09101624308877065
2022-06-15,0.08839388450861274
2022-06-16,0.09193744971272311
2022-06-17,0.09427966764046825
2022-06-21,0.09308711823698002
2022-06-22,0.0970971005017055
2022-06-23,0.09830826448073005
2022-06-24,0.09409261465061991
2022-06-27,0.09229194100628524
2022-06-28,0.09385121524974727
2022-06-29,0.08838219755374466
2022-06-30,0.09115671362413502
2022-07-01,0.0878855786318734
2022-07-05,0.0876366403086879
2022-07-06,0.08787677163138607
2022-07-07,0.09223760965765027
2022-07-08,0.08914119693782885
2022-07-11,0.09119655155346096
2022-07-12,0.08468688232774635
2022-07-13,0.08529597283142432
2022-07-14,0.08512739084749199
2022-07-15,0.07729011264964258
2022-07-18,0.0785775269612018
2022-07-19,0.08456775580818099
2022-07-20,0.08306457548657464
2022-07-21,0.0742224664515665
2022-07-22,0.07227060419951847
2022-07-25,0.07152147506013296
2022-07-26,0.07101117154811742
2022-07-27,0.07160686064856714
2022-07-28,0.07175527272005522
2022-07-29,0.07232416775281747
2022-08-01,0.07629255653927425
2022-08-02,0.0731066525586559
2022-08-03,0.07496944085803303
2022-08-04,0.08340015954383895
2022-08-05,0.08519575463204232
2022-08-08,0.08570288633850387
2022-08-09,0.08923365489748014
2022-08-10,0.08741867269237424
2022-08-11,0.0853225607135244
2022-08-12,0.08982002294900959
2022-08-15,0.09100889406728219
2022-08-16,0.09104957595177998
2022-08-17,0.0855568271372189
2022-08-18,0.08784287319210327
2022-08-19,0.08894517434417515
2022-08-22,0.0916327437995661
2022-08-23,0.09302315122637905
2022-08-24,0.09407459256424722
2022-08-25,0.09371722642214797
2022-08-26,0.09461293473144838
2022-08-29,0.09287917335438689
2022-08-30,0.0949827367333188
2022-08-31,0.09545482116937176
2022-09-01,0.09621159737327378
2022-09-02,0.09516957921178848
2022-09-06,0.09102915163152314
2022-09-07,0.09199786737414006
2022-09-08,0.09140539745760579
2022-09-09,0.08806666560543885
2022-09-12,0.08837502413434328
2022-09-13,0.08695325489123362
2022-09-14,0.0844860964086186
2022-09-15,0.08695057223665137
2022-09-16,0.089605311000999
2022-09-19,0.08578574040832265
2022-09-20,0.08494710039888187
2022-09-21,0.0814548701601776
2022-09-22,0.08387137673552503
2022-09-23,0.08371515197048163
2022-09-26,0.08581399596819317
2022-09-27,0.08484482181573871
2022-09-28,0.08765923795823449
2022-09-29,0.08850780573279171
2022-09-30,0.08465545660266549
2022-10-03,0.085161896003625
2022-10-04,0.08115478837082912
2022-10-05,0.0819627057069876
2022-10-06,0.07824422723029567
2022-10-07,0.07939095188924061
2022-10-10,0.07683520561671897
2022-10-11,0.079036219887206
2022-10-12,0.07978530448307453
2022-10-13,0.0730580111038347
2022-10-14,0.07061867377125008
2022-10-17,0.07284913414444161
2022-10-18,0.07258945250605942
2022-10-19,0.07385225098390047
2022-10-20,0.07082315649451476
2022-10-21,0.07009860401771362
2022-10-24,0.07047931809074925
2022-10-25,0.07137040800215722
2022-10-26,0.06962311354408324
2022-10-27,0.07016588079305952
2022-10-28,0.06811032637374681
2022-10-31,0.06579219992009555
2022-11-01,0.06610533273042674
2022-11-02,0.06811147162548059
2022-11-03,0.06903008959878143
2022-11-04,0.06944645941032412
2022-11-07,0.07113469126826766
2022-11-08,0.07503812393881937
2022-11-09,0.07253144908312359
2022-11-10,0.07521593539431559
2022-11-11,0.0747764385110482
2022-11-14,0.07198271073191309
2022-11-15,0.07221993655271508
2022-11-16,0.07282731676377618
2022-11-17,0.07343781899477275
2022-11-18,0.07310276268882054
2022-11-21,0.0730297483913166
2022-11-22,0.07748047731543128
2022-11-23,0.0765620213796192
2022-11-25,0.07556990586932577
2022-11-28,0.07290845732825113
2022-11-29,0.07335974857895744
2022-11-30,0.06976194334566888
2022-12-01,0.07070423908751078
2022-12-02,0.07050019299673083
2022-12-05,0.07151947386021185
2022-12-06,0.07429264061124197
2022-12-07,0.0757879203637074
2022-12-08,0.07533189293380438
2022-12-09,0.07372916502390736
2022-12-12,0.0744755659407802
2022-12-13,0.07668990861729341
2022-12-14,0.07503358976505092
2022-12-15,0.072642484514576
2022-12-16,0.07610316601812617
2022-12-19,0.07254007740642732
2022-12-20,0.0742545737135133
2022-12-21,0.06869740694407211
2022-12-22,0.07007806678833506
2022-12-23,0.07429630022372002
2022-12-27,0.06966784696482209
2022-12-28,0.07095563335663224
2022-12-29,0.07511380160300296
2022-12-30,0.07227653790566502
2023-01-03,0.07394395276116394
2023-01-04,0.07048771307176516
2023-01-05,0.07080254920629436
2023-01-06,0.06772356165643434
2023-01-09,0.07044638297178518
2023-01-10,0.07098943581327677
2023-01-11,0.07099232864912863
2023-01-12,0.07438907081251644
2023-01-13,0.06946582707455307
2023-01-17,0.06758288113153188
2023-01-18,0.06984175259109393
2023-01-19,0.06884297642309223
2023-01-20,0.07048073339649841
2023-01-23,0.06846861584789421
2023-01-24,0.0637110112459438
2023-01-25,0.06605918554774814
2023-01-26,0.06655155556736991
2023-01-27,0.06840744928099396
2023-01-30,0.06955757271613094
2023-01-31,0.06910259332773161
2023-02-01,0.07252055666024915
2023-02-02,0.0691243250560305
2023-02-03,0.06757029393106584
2023-02-06,0.06963656396157292
2023-02-07,0.07007033965207765
2023-02-08,0.07078186345157589
2023-02-09,0.07126004160734178
2023-02-10,0.06620476539941555
2023-02-13,0.060146541618077864
2023-02-14,0.06154412721832736
2023-02-15,0.06020505455394365
2023-02-16,0.06249385817802344
2023-02-17,0.06484196923389074
2023-02-21,0.06300370882292627
2023-02-22,0.062445493325106405
2023-02-23,0.06179749496036502
2023-02-24,0.06749203271599813
2023-02-27,0.06228245569991975
2023-02-28,0.06079561314616577
2023-03-01,0.0673063057164498
2023-03-02,0.06926339852592778
2023-03-03,0.06891400749302568
2023-03-06,0.061474030501114885
2023-03-07,0.05847222902086413
2023-03-08,0.05778346804191492
2023-03-09,0.09099013284844926
2023-03-10,0.08250540511793747
2023-03-13,0.09739044929041318
2023-03-14,0.12134322913434903
2023-03-15,0.11329410854841493
2023-03-16,0.12475531541208618
2023-03-17,0.15359207711535294
2023-03-20,0.23114348646955407
2023-03-21,0.2641205901121302
2023-03-22,0.1813319511597411
2023-03-23,0.16279333142531272
2023-03-24,0.13270069657504613
2023-03-27,0.14782122179291135
2023-03-28,0.14212172713465043
2023-03-29,0.13837668765529365
2023-03-30,0.14509062331437605
2023-03-31,0.13743369876372902
2023-04-03,0.11754061867779408
2023-04-04,0.08903287111919345
2023-04-05,0.06534523900463562
2023-04-06,0.11009354350045175
2023-04-10,0.10332345909099949
2023-04-11,0.11521976758530927
2023-04-12,0.12350066768794066
2023-04-13,0.10259341554387968
2023-04-14,0.09882565781399344
2023-04-17,0.09467282480245154
2023-04-18,0.10106144167265141
2023-04-19,0.0996722445829239
2023-04-20,0.10175528931856159
2023-04-21,0.10108493443276156
2023-04-24,0.09751925192212285
2023-04-25,0.09219983825647038
2023-04-26,0.0854178090794766
2023-04-27,0.08931130746761795
2023-04-28,0.08873537469077775
2023-05-01,0.08754968614297098
2023-05-02,0.08597962797506153
2023-05-03,0.08830566406799645
2023-05-04,0.08842932009890703
2023-05-05,0.07822116177760652
2023-05-08,0.08340862764036205
2023-05-09,0.07983115732560098
2023-05-10,0.08171483521798417
2023-05-11,0.0850639758248386
2023-05-12,0.08035811209900245
2023-05-15,0.08361105808866554
2023-05-16,0.08327069651105146
2023-05-17,0.085289176952559
2023-05-18,0.08449938020313663
2023-05-19,0.08467774472938738
2023-05-22,0.07731781660069736
2023-05-23,0.08383801823841308
2023-05-24,0.08385129070579778
2023-05-25,0.07610865156275581
2023-05-26,0.07330143868199124
2023-05-30,0.07592914941396756
2023-05-31,0.07376867728539915
2023-06-01,0.08024506393969455
2023-06-02,0.07457835167437232
2023-06-05,0.0713525721075916
2023-06-06,0.06767646068934052
2023-06-07,0.0604946342945889
2023-06-08,0.05749804109096335
2023-06-09,0.057751100961335844
2023-06-12,0.053271539870568985
2023-06-13,0.05821948666032717
2023-06-14,0.05494749357773365
2023-06-15,0.05410026178681404
2023-06-16,0.05028281103046872
2023-06-20,0.0470438801308628
2023-06-21,0.054219737913835164
2023-06-22,0.04949974934787327
2023-06-23,0.04742312433682194
2023-06-26,0.04628621442686942
2023-06-27,0.04758633979053428
2023-06-28,0.04247247725457126
2023-06-29,0.04975600836209404
2023-06-30,0.051777600776697685
2023-07-03,0.046175014186332186
2023-07-05,0.04769369280448821
2023-07-06,0.049343546846618125
2023-07-07,0.04561358864726017
2023-07-10,0.044269788483136674
2023-07-11,0.04316159187054325
2023-07-12,0.04367603361726835
2023-07-13,0.04303999280836179
2023-07-14,0.04321527195186747
2023-07-17,0.04615888662420575
2023-07-18,0.037640750270624634
2023-07-19,0.03750561976347466
2023-07-20,0.03356960836591827
2023-07-21,0.030304855105849127
2023-07-24,0.030753161706672083
2023-07-25,0.029232255882482905
2023-07-26,0.031244517096117752
2023-07-27,0.030290900883759075
2023-07-28,0.02755363519605658
2023-07-31,0.02979745465969219
2023-08-01,0.02833649119308035
2023-08-02,0.030476469355396052
2023-08-03,0.021925494821129154
2023-08-04,0.021506523687488288
2023-08-07,0.02112343170996267
2023-08-08,0.02016567620677212
2023-08-09,0.015459260886574233
2023-08-10,0.010985984463631526
2023-08-11,0.014264191232170598
2023-08-14,0.012892423405238329
2023-08-15,0.01208620877442046
2023-08-16,0.013722247477375937
2023-08-17,0.01782717372485121
2023-08-18,0.018178247841447615
2023-08-21,0.02137150856555725
2023-08-22,0.019315459561694448
2023-08-23,0.01789936301177253
2023-08-24,0.018736022175014355
2023-08-25,0.01446219598334153
2023-08-28,0.01446672950776029
2023-08-29,0.013617825160588293
2023-08-30,0.015249834537242268
2023-08-31,0.017865113067573324
2023-09-01,0.017900326486458118
2023-09-05,0.01714692470700374
2023-09-06,0.017598394680746088
2023-09-07,0.016650119702626753
2023-09-08,0.015953475516885085
2023-09-11,0.019242969589390535
2023-09-12,0.023989751469297493
2023-09-13,0.02183088131764266
2023-09-14,0.027245146135187914
2023-09-15,0.030513188914032652
2023-09-18,0.029484760292708412
2023-09-19,0.0285342728012703
2023-09-20,0.02456124738436194
2023-09-21,0.02420837310298074
2023-09-22,0.025075931675533125
2023-09-25,0.02488349826471703
2023-09-26,0.02223876396017177
2023-09-27,0.0310220882944503
2023-09-28,0.02746300501992649
2023-09-29,0.02676811634414844
2023-10-02,0.02746959640966451
2023-10-03,0.025004133815197838
2023-10-04,0.022708506389697458
2023-10-05,0.024201791873950107
2023-10-06,0.02385904379129422
2023-10-09,0.021215357904631915
2023-10-10,0.02296282451153253
2023-10-11,0.019726704476365153
2023-10-12,0.019630739483158743
2023-10-13,0.02194772301787018
2023-10-16,0.020098154945308422
2023-10-17,0.019736757474123623
2023-10-18,0.022602332538923964
2023-10-19,0.02462746658548365
2023-10-20,0.02118061398318638
2023-10-23,0.021216774036198816
2023-10-24,0.020231537259210675
2023-10-25,0.018917358809169227
2023-10-26,0.019942159217326894
2023-10-27,0.014235406954041463
2023-10-30,0.01418827004996559
2023-10-31,0.02205316225017251
2023-11-01,0.025354138254474412
2023-11-02,0.0237729081593423
2023-11-03,0.028034931388223994
2023-11-06,0.026049689479653804
2023-11-07,0.021211746333033465
2023-11-08,0.022415993426505354
2023-11-09,0.01971280995671587
2023-11-10,0.01765555567079602
2023-11-13,0.016829700243895296
2023-11-14,0.018179184171994933
2023-11-15,0.017390796971412437
2023-11-16,0.021911109365239767
2023-11-17,0.0187283079389986
2023-11-20,0.01786158153147044
2023-11-21,0.01669527811753002
2023-11-22,0.011900327964174284
2023-11-24,0.012951655807900142
2023-11-27,0.012036698209087593
2023-11-28,0.010508175584301283
2023-11-29,0.010161094895587919
2023-11-30,0.011692104650852908
2023-12-01,0.009643963399949884
2023-12-04,0.010404566469701448
2023-12-05,0.0075562623287872555
2023-12-06,0.0057044044753225
2023-12-07,0.004083623619295373
2023-12-08,0.004499189068931431
2023-12-11,0.0017942859396917754
2023-12-12,0.005443097923695905
2023-12-13,0.002636009364684666
2023-12-14,0.006235200326591084
2023-12-15,0.009288134063922149
2023-12-18,0.009276786131657389
2023-12-19,0.009392101591388702
2023-12-20,0.006711170916990472
2023-12-21,0.006355777575481669
2023-12-22,0.004329833954021867
2023-12-26,0.0026550339486459684
2023-12-27,0.0008221078123444858
2023-12-28,-0.0009525401100203279
2023-12-29,0.0005932338663767744
2024-01-02,0.00027095938051857615
2024-01-03,0.0014752406597458023
2024-01-04,0.0020304592266755517
2024-01-05,0.001395537507411282
2024-01-08,0.0005472162952668835
2024-01-09,0.0022820541917105697
2024-01-10,0.0009470551638335323
2024-01-11,0.006267990567140114
2024-01-12,0.008301234883815622
2024-01-16,0.008455519540465195
2024-01-17,0.00878877461157801
2024-01-18,0.004893339021232013
2024-01-19,0.004899290110328414
2024-01-22,0.004198657764602043
2024-01-23,0.00044824733444204234
2024-01-24,0.0037681975756547192
2024-01-25,0.00723252830237664
2024-01-26,0.007262482546603666
2024-01-29,0.00556852695335408
2024-01-30,0.005774416538860017
2024-01-31,0.007412807324227666
2024-02-01,0.004449810653606612
2024-02-02,0.005823938656563721
2024-02-05,-0.00048758836383022697
2024-02-06,-0.0007435067359160552
2024-02-07,-0.000559646244865597
2024-02-08,-0.0009642597077368364
2024-02-09,-0.0020606312690814033
2024-02-12,-0.001478396134726001
2024-02-13,-0.0015957786599445356
2024-02-14,-0.004780718552718
2024-02-15,-0.004634552202892328
2024-02-16,-0.004728760289100187
2024-02-20,-0.0063714555058056455
2024-02-21,-0.004552456673475369
2024-02-22,-0.007734615195422734
2024-02-23,-0.007128375446541657
2024-02-26,-0.00681181199276204
2024-02-27,-0.007127130493923328
2024-02-28,-0.003755448949170681
2024-02-29,-0.009895085413606619
2024-03-01,-0.00623454180640981
2024-03-04,-0.004235974949041488
2024-03-05,-0.0015769751556646838
2024-03-06,-0.001087161639220957
2024-03-07,-0.002467870355576718
2024-03-08,-0.0014362278071249346
2024-03-11,-0.0008296221952501792
2024-03-12,-0.0004784072798866834
2024-03-13,-0.00019925581569024686
2024-03-14,0.0014078350770017067
2024-03-15,0.0010766866655333995
2024-03-18,0.001050554703637907
2024-03-19,0.005110899187638296
2024-03-20,0.008749983590836452
2024-03-21,0.01207300022221447
2024-03-22,0.011528320660420421
2024-03-25,0.010065526193395069
2024-03-26,0.005741079199322874
2024-03-27,0.005758102058049053
2024-03-28,0.006156133268399699
2024-04-01,0.007696005898471636
2024-04-02,0.007197931877925612
2024-04-03,0.009172689822432911
2024-04-04,0.0067136745341409565
2024-04-05,0.00668174850541714
2024-04-08,0.006911653073350843
2024-04-09,0.0070108389181093855
2024-04-10,0.0072135592467788
2024-04-11,0.006249195974950661
2024-04-12,0.00862913785558539
2024-04-15,0.004676534351699013
2024-04-16,0.0024252449256410014
2024-04-17,-0.001661193569958641
2024-04-18,-0.002843611713141847
2024-04-19,-0.003966740440100258
2024-04-22,-0.0064956935504227875
2024-04-23,-0.006264648979803722
2024-04-24,-0.007795258740258104
2024-04-25,-0.007366479533556847
2024-04-26,-0.007540445010510988
2024-04-29,-0.008438444524716315
2024-04-30,-0.005285217994582148
2024-05-01,-0.0060720107285543445
2024-05-02,-0.007445202417446728
2024-05-03,-0.007147140502975491
2024-05-06,-0.00779067871834771
2024-05-07,-0.007022728166875769
2024-05-08,-0.0060415886534355145
2024-05-09,-0.0065140335127409354
2024-05-10,-0.008193557012819985
2024-05-13,-0.00736003872123514
2024-05-14,-0.005729237587702496
2024-05-15,-0.0035902800947908986
2024-05-16,-0.0035804378065844578
2024-05-17,-0.004694032451805885
2024-05-20,-0.006094562809318749
2024-05-21,-0.004231114715643525
2024-05-22,-0.002918818128183176
2024-05-23,-0.004047654448905202
2024-05-24,-0.005046452850655525
2024-05-28,-0.005126630592498849
2024-05-29,-0.006600154506619216
2024-05-30,-0.009115151878030359
2024-05-31,-0.01005184360296596
2024-06-03,-0.008129361117829914
2024-06-04,-0.007521183871739057
2024-06-05,-0.0074629919194448835
2024-06-06,-0.007133636397876897
2024-06-07,-0.01035262110444024
2024-06-10,-0.012705855961751444
2024-06-11,-0.013719608449510368
2024-06-12,-0.01496544319960691
2024-06-13,-0.015104357311755745
2024-06-14,-0.015330952214591909
2024-06-17,-0.0166986107756677
2024-06-18,-0.014584205103880477
2024-06-20,-0.017143953450495797
2024-06-21,-0.018024926296460908
2024-06-24,-0.017260234939903363
2024-06-25,-0.019892525843985265
2024-06-26,-0.022372089943362594
2024-06-27,-0.023890859023763422
2024-06-28,-0.02507934714525306
2024-07-01,-0.028523531345951647
2024-07-02,-0.029036555592436564
2024-07-03,-0.03010622426253695
2024-07-05,-0.029351732995136715
2024-07-08,-0.03053498602181337
2024-07-09,-0.03420324125968066
2024-07-10,-0.0360531856119346
2024-07-11,-0.0366162624410975
2024-07-12,-0.03391109508178314
2024-07-15,-0.035849428416437235
2024-07-16,-0.0359483165175134
2024-07-17,-0.035702736248788725
2024-07-18,-0.036125872526328706
2024-07-19,-0.03667904320926074
2024-07-22,-0.037317167134921725
2024-07-23,-0.033651380442697665
2024-07-24,-0.036515892203282885
2024-07-25,-0.03783857233485155
2024-07-26,-0.03721308299443837
2024-07-29,-0.036816391786925085
2024-07-30,-0.03725540344962264
2024-07-31,-0.03444553995401978
2024-08-01,-0.03293633441834576
2024-08-02,-0.03430780500536712
2024-08-05,-0.03595968243021108
2024-08-06,-0.0331082182354665
2024-08-07,-0.03541229520724176
2024-08-08,-0.036690700684650634
2024-08-09,-0.034756239527520716
2024-08-12,-0.035940047838991296
2024-08-13,-0.03349608565673967
2024-08-14,-0.03593134053208025
2024-08-15,-0.03332247830385748
2024-08-16,-0.033257425497440485
2024-08-19,-0.03252181549862354
2024-08-20,-0.03186013548228939
2024-08-21,-0.03248048806570725
2024-08-22,-0.03334357801084886
2024-08-23,-0.0336789087075291
2024-08-26,-0.03251332274674801
2024-08-27,-0.03617821273477739
2024-08-28,-0.035524458520398206
2024-08-29,-0.037865330257234486
2024-08-30,-0.038846611072918646
2024-09-03,-0.03807032482774164
2024-09-04,-0.038816848522350345
2024-09-05,-0.04164242859440126
2024-09-06,-0.040551418815758744
2024-09-09,-0.040786460730146246
2024-09-10,-0.041685948258034955
2024-09-11,-0.04151606458570867
2024-09-12,-0.04127846296403592
2024-09-13,-0.04273462648786408
2024-09-16,-0.0434950283571256
2024-09-17,-0.044163274619217985
2024-09-18,-0.045277467145371064
2024-09-19,-0.045709967322489
2024-09-20,-0.04728469742246921
2024-09-23,-0.0460212589923783
2024-09-24,-0.04458537762783599
2024-09-25,-0.04577218293996155
2024-09-26,-0.04663399036125826
2024-09-27,-0.045853814999906595
2024-09-30,-0.0451406527912126
2024-10-01,-0.042507533247313045
2024-10-02,-0.0438865957841339
2024-10-03,-0.04346535275172991
2024-10-04,-0.041967631438639685
2024-10-07,-0.04226912254459281
2024-10-08,-0.04234375938127011
2024-10-09,-0.04232576740095961
2024-10-10,-0.04170003367125075
2024-10-11,-0.0416004783462709
2024-10-14,-0.0405734983455186
2024-10-15,-0.043408656115089705
2024-10-16,-0.04276235894438796
2024-10-17,-0.04192777889176269
2024-10-18,-0.04229232376369829
2024-10-21,-0.04342752601599442
2024-10-22,-0.04257753133423714
2024-10-23,-0.041887584375212006
2024-10-24,-0.046476080745214254
2024-10-25,-0.04682289807484197
2024-10-28,-0.04782296173345557
2024-10-29,-0.04967805050475449
2024-10-30,-0.05311785563270255
2024-10-31,-0.0536393669595836
2024-11-01,-0.05627196245208399
2024-11-04,-0.05580714705482759
2024-11-05,-0.053837315736442015
2024-11-06,-0.05403009350434762
2024-11-07,-0.05256852100373566
2024-11-08,-0.05391263898386689
2024-11-11,-0.053569428864697066
2024-11-12,-0.05666424875647036
2024-11-13,-0.057476393634492196
2024-11-14,-0.05760480774417487
2024-11-15,-0.05524555482295557
2024-11-18,-0.053660306433024996
2024-11-19,-0.0547084950132406
2024-11-20,-0.055335769335194795
2024-11-21,-0.056707801881238584
2024-11-22,-0.057225437336483775
2024-11-25,-0.05311400363047336
2024-11-26,-0.0519442303129245
2024-11-27,-0.05255159577726065
2024-11-29,-0.050495248669309545
2024-12-02,-0.04795516163776492
2024-12-03,-0.04669913366565992
2024-12-04,-0.04751788568719739
2024-12-05,-0.045139123733018094
2024-12-06,-0.0467428100577274
2024-12-09,-0.044835814805443075
2024-12-10,-0.04350950850644497
2024-12-11,-0.047682326560060107
2024-12-12,-0.048318660747393105
2024-12-13,-0.04666388236060248
2024-12-16,-0.04795829712067223
2024-12-17,-0.0483130448746627
2024-12-18,-0.04908856393826433
2024-12-19,-0.05013190134413925
2024-12-20,-0.05021828455805699
2024-12-23,-0.04983130150452886
2024-12-24,-0.04900644176300095
2024-12-26,-0.04941935870770631
2024-12-27,-0.047660681215149214
2024-12-30,-0.04923852042802124
2024-12-31,-0.04842780142233072
2025-01-02,-0.048997884717000506
2025-01-03,-0.050366650441036054
2025-01-06,-0.05202739287416347
2025-01-07,-0.04836214656221527
2025-01-08,-0.04990646849155156
2025-01-10,-0.04622599453763643
2025-01-13,-0.04686903061819714
2025-01-14,-0.04645479055997437
2025-01-15,-0.046362587775513386
2025-01-16,-0.04515286890272363
2025-01-17,-0.044908073118166136
2025-01-21,-0.045922507718314964
2025-01-22,-0.04562050037369558
2025-01-23,-0.042383332234683824
2025-01-24,-0.04184021179840558
2025-01-27,-0.03955194786421168
2025-01-28,-0.039141839297733405
2025-01-29,-0.0396827042546275
2025-01-30,-0.038820426303234346
2025-01-31,-0.036110086814012954
2025-02-03,-0.03641432913844578
2025-02-04,-0.03613131306994699
2025-02-05,-0.035143114502667716
2025-02-06,-0.034027895603371494
2025-02-07,-0.033946105730303655
2025-02-10,-0.03446217060544732
2025-02-11,-0.030849598145986867
2025-02-12,-0.031956860177448254
2025-02-13,-0.032636252099935925
2025-02-14,-0.03137803664989125
2025-02-18,-0.032376887503332785
2025-02-19,-0.03318067959986393
2025-02-20,-0.03257687935476472
2025-02-21,-0.03085271811361645
2025-02-24,-0.03350978078936273
2025-02-25,-0.03339739576449863
2025-02-26,-0.03175592812837902
2025-02-27,-0.03125097271366961
2025-02-28,-0.027936338512539072
2025-03-03,-0.025312435031747516
2025-03-04,-0.023850183129909608
2025-03-05,-0.024878537964952097
2025-03-06,-0.02795475685527582
2025-03-07,-0.01938922121579867
2025-03-10,-0.014857275453281416
2025-03-11,-0.015596033091019201
2025-03-12,-0.015338670654881259
2025-03-13,-0.012844948329683525
2025-03-14,-0.012157013125696947
2025-03-17,-0.01702605737280738
2025-03-18,-0.01847283487954199
2025-03-19,-0.02299582151119295
2025-03-20,-0.025023237422005407
2025-03-21,-0.02151953163002651
2025-03-24,-0.019451202902033726
2025-03-25,-0.020000541600712518
2025-03-26,-0.01952863797454296
2025-03-27,-0.015661330475374102
2025-03-28,-0.015785139387737734
2025-03-31,-0.014287265890130296
2025-04-01,-0.016215747374677347
2025-04-02,-0.013506423854541039
2025-04-03,-0.018739471824140264
2025-04-04,-0.030566228881524937
2025-04-07,-0.03075653047182425
2025-04-08,-0.03243954669779758
2025-04-09,-0.030782073826519873
2025-04-10,-0.03260448641066627
2025-04-11,-0.03410242787330664
2025-04-14,-0.029146482413577646
2025-04-15,-0.029304689137503503
2025-04-16,-0.028691037712249345
2025-04-17,-0.028298528745473783
2025-04-21,-0.026384461515311264
2025-04-22,-0.02892343111654916
2025-04-23,-0.025489441549050973
2025-04-24,-0.025263505728896574
2025-04-25,-0.02214674360092972
2025-04-28,-0.020951596144717533
2025-04-29,-0.02157119765164861
2025-04-30,-0.021857680135888957
2025-05-01,-0.022324288179386365
2025-05-02,-0.025674389614013027
2025-05-05,-0.02304079204013454
2025-05-06,-0.021531120870427634
2025-05-07,-0.02122830398141584
2025-05-08,-0.017576334788434345
2025-05-09,-0.02009354796409002
2025-05-12,-0.01793190197114236
2025-05-13,-0.01894130214748868
2025-05-14,-0.019715633665339904
2025-05-15,-0.01725466690967692
2025-05-16,-0.018256702874382746
2025-05-19,-0.022823147000867072
2025-05-20,-0.02375907247950626
2025-05-21,-0.02655862846081325
2025-05-22,-0.023786864435427546
2025-05-23,-0.024129822401307566
2025-05-27,-0.024393090174609222
2025-05-28,-0.025304952754608978
2025-05-29,-0.020653800767719055
2025-05-30,-0.025091258698938468
2025-06-02,-0.019371644797037124
2025-06-03,-0.01858161582490636
2025-06-04,-0.02021148472393164
2025-06-05,-0.020386704121979626
2025-06-06,-0.02020248847097661
2025-06-09,-0.017412222798889765
2025-06-10,-0.015290915717695253
2025-06-11,-0.014918083762748724
2025-06-12,-0.014783872602075476
2025-06-13,-0.014780775793647116
2025-06-16,-0.013439745729462826
2025-06-17,-0.005889851756823772
2025-06-18,-0.004701235560654382
2025-06-20,-0.014020742729540236
2025-06-23,-0.011945074829091906
2025-06-24,-0.01568682685079703
2025-06-25,-0.01928998898037082
2025-06-26,-0.016222628051465904
2025-06-27,-0.01975753627424126
2025-06-30,-0.020108392455357782
2025-07-01,-0.015186725305276205
2025-07-02,-0.015471449009321514
2025-07-03,-0.020727159909246895
2025-07-07,-0.018327663591920063
2025-07-08,-0.01992958445531623
2025-07-09,-0.018846242443138372
2025-07-10,-0.016867680751790903
2025-07-11,-0.018112906841940557
2025-07-14,-0.017533864901229546
2025-07-15,-0.01567541592158528
2025-07-16,-0.018484958642559945
2025-07-17,-0.01605841164344146
2025-07-18,-0.013302030304184198
2025-07-21,-0.01470102205009316
2025-07-22,-0.007000760854543486
2025-07-23,-0.008580279175661953
2025-07-24,-0.009504406410121735
2025-07-25,-0.005804380958227773
2025-07-28,-0.002069952669864872
2025-07-29,0.0008629359373082401
2025-07-30,0.00016063776639074767
2025-07-31,-0.002223923514811821
2025-08-01,-0.0030402999683525334
2025-08-04,-0.00609377879644124
2025-08-05,-0.003640830685189833
2025-08-06,-0.0036818426149651806
2025-08-07,-0.004216422257285579
2025-08-08,-0.004044389752404731
2025-08-11,-0.004202529287313794
2025-08-12,-0.006798151353864856
2025-08-13,-0.004287633507710664
2025-08-14,-0.00755575396965491
2025-08-15,-0.004036215672729604
2025-08-18,0.00017289210133775157
2025-08-19,-0.002357018896540497
2025-08-20,-0.004053751907513892
2025-08-21,-0.006192064692220001
2025-08-22,-0.0037260023978080703
2025-08-25,-0.005861527637627484
2025-08-26,-0.0104683249451627
2025-08-27,-0.016213622297681196
2025-08-28,-0.018573163141776927
2025-08-29,-0.018249881175127047
2025-09-02,-0.01820336640816289
2025-09-03,-0.0184456291594568
2025-09-04,-0.019800665893585423
2025-09-05,-0.020550273359462246
2025-09-08,-0.019428903960067467
2025-09-09,-0.020015772289340594
2025-09-10,-0.01875528418251915
2025-09-11,-0.016751023978531343
2025-09-12,-0.01550461507318257
2025-09-15,-0.011577177856878285
2025-09-16,-0.0068969336349429256
2025-09-17,-0.005791415866563954
2025-09-18,-0.010188555154182932
2025-09-19,-0.008816523859028536
2025-09-22,-0.01149097542641786
2025-09-23,-0.012243204243264305
2025-09-24,-0.008690136298860729
2025-09-25,-0.009987698281230362
2025-09-26,-0.00751667376088494
2025-09-29,-0.008288524071003556
2025-09-30,-0.007151083819775028
2025-10-01,-0.009310185639660018
2025-10-02,-0.008180946423015367
2025-10-03,-0.0046071604060975435
2025-10-06,-0.009855776340192302
2025-10-07,-0.004818664309351517
2025-10-08,-0.006402894729196085
2025-10-09,0.00400827299970441
2025-10-10,0.0015331676260232907
2025-10-13,0.0029791281186450913
2025-10-14,0.000685761942273988
2025-10-15,0.00353278061660367
2025-10-16,-0.001371488110839092
2025-10-17,-0.0019344945933079671
2025-10-20,0.002052885756928413
2025-10-21,0.005139737060132044
2025-10-22,0.005452485353822478
2025-10-23,0.006054687746550824
2025-10-24,0.004741896293965597
2025-10-27,0.010393547335328268
2025-10-28,0.012840439603941434
2025-10-29,0.011740789408932084
2025-10-30,0.012520497031111466
2025-10-31,0.013257619124348752
2025-11-03,0.01308822876688609
2025-11-04,0.014248825100477314
2025-11-05,0.010998632148852439
2025-11-06,0.012578838962595151
2025-11-07,0.015295148495840794
2025-11-10,0.008027113590033164
2025-11-11,0.009372648138805229
2025-11-12,0.008392037058923885
2025-11-13,0.0014150858594275117
2025-11-14,0.004334578456126392
2025-11-17,0.002421473080979508
2025-11-18,0.0032211390631231573
2025-11-19,0.005448247381534932
2025-11-20,0.005989848030830469
2025-11-21,0.004790793706035856
2025-11-24,0.0030327768291469326
2025-11-25,0.004993197143687622
2025-11-26,0.008838223590117655
2025-11-28,0.005296220502066573
2025-12-01,0.00981283632851282
2025-12-02,0.010720350010151591
2025-12-03,0.011171110560413977
2025-12-04,0.006180996496541136
2025-12-05,0.005177848595998791
2025-12-08,0.009676575207098193
2025-12-09,0.009184551160156706
2025-12-10,0.007835297596432422
2025-12-11,0.005238609939307803
2025-12-12,0.0026850234957500607
2025-12-15,0.00485868591995553
2025-12-16,0.004500119020863336
2025-12-17,0.0027487643708172804
2025-12-18,0.001563763656864392
2025-12-19,0.00011573156447775013
2025-12-22,-0.003483802708970085
2025-12-23,-0.0071871457427175045
2025-12-24,-0.006976706134184774
2025-12-26,-0.004995359897778995
2025-12-29,-0.0030640168928557365
2025-12-30,-0.003888295368468908
2025-12-31,-0.004455225165779453
2026-01-02,-0.0010889358612633515
2026-01-05,-0.004844968443666442
2026-01-06,-0.00653079281458302
2026-01-07,-0.003645157182095682
2026-01-08,-0.002733308349545549
2026-01-09,-0.001282910491405831
2026-01-12,-0.001137831836084846
2026-01-13,0.0006044645458260778
2026-01-14,-0.00043588685848394704
2026-01-15,-0.0019247121171508397
2026-01-16,-0.0025762498802675005
2026-01-20,-0.004127806634196984
2026-01-21,0.0003925366986610168
2026-01-22,-0.0012553365771426073
2026-01-23,-0.0049342046135263384
2026-01-26,-0.005398565044890669
2026-01-27,-0.0036657765975451895
2026-01-28,-0.0017429233319348203
2026-01-29,-0.0011820118874272811
2026-01-30,-0.00323814567744396
2026-02-02,-0.0014106521367385216
2026-02-03,-0.0030712101127297053
2026-02-04,-0.004871856774460559
2026-02-05,-0.004843396839749214
2026-02-06,-0.00446197994226849
2026-02-09,2.1594650867262644e-05
2026-02-10,-8.877959944753044e-06
2026-02-11,-0.0013198286686602057
2026-02-12,-0.00036055103052179405
2026-02-13,-0.0008615558673854551
2026-02-17,-0.0001802846181655493
2026-02-18,-0.003486235895117318
2026-02-19,0.0005781925134926702
2026-02-20,0.0004337476280982244
2026-02-23,-0.0007957711609349882
2026-02-24,0.0005774974681429512
2026-02-25,-0.0032490441168862016
2026-02-26,-0.002875718468891897
2026-02-27,-0.0020065601839616143
2026-03-02,0.003907421600981342
2026-03-03,-0.0035844608239137266
2026-03-04,-0.0015792804080623224
2026-03-05,-0.003941581881198086
2026-03-06,-0.0074446498128950545
2026-03-09,-0.009277600339873349
2026-03-10,-0.008820260635612032
2026-03-11,-0.011222616549629638
2026-03-12,-0.011661827476279418
2026-03-13,-0.01736534495257991
2026-03-16,-0.016627410315991353
2026-03-17,-0.022599637122457716
2026-03-18,-0.028216013920502547
2026-03-19,-0.02831826130845516
2026-03-20,-0.030840603744380468
2026-03-23,-0.026265054516969144
2026-03-24,-0.02665409434208743
2026-03-25,-0.024785172154706325
2026-03-26,-0.02485796723767919
2026-03-27,-0.026621741451311687
2026-03-30,-0.026259611270999628
2026-03-31,-0.02691064432272605
2026-04-01,-0.020381958712830217
2026-04-02,-0.02158138451800995
2026-04-06,-0.018634512335470754
2026-04-07,-0.01653056835920097
2026-04-08,-0.01697790455371928
2026-04-09,-0.01664740319189084
2026-04-10,-0.012907134014821908
2026-04-13,-0.017823488236309082
2026-04-14,-0.01624293864530668
2026-04-15,-0.017214409125751784
2026-04-16,-0.017625444666698797
2026-04-17,-0.016209997670397547
2026-04-20,-0.013124889303960163
2026-04-21,-0.01335062406210974
2026-04-22,-0.01439107180110577
2026-04-23,-0.01365363076919679
2026-04-24,-0.016433678566087906
2026-04-27,-0.016768310274143383
2026-04-28,-0.012832291752864933
2026-04-29,-0.01337962740787324
2026-04-30,-0.010956367353760932
2026-05-01,-0.010425844879492274
2026-05-04,-0.007738911330272602
2026-05-05,-0.004839528745747224
2026-05-06,-0.001847984619385068
2026-05-07,-0.004408484168921811
2026-05-08,-0.005171045954864839
2026-05-11,-0.0029023127764649104
2026-05-12,-0.002949147763452231
2026-05-13,-0.006229681517185615
2026-05-14,-0.0052745032351197985
2026-05-15,-0.00524583556617797
2026-05-18,-0.007664573132401875
2026-05-19,-0.005808426681970236
2026-05-20,-0.006842080472801992
2026-05-21,-0.004969229125040053
2026-05-22,-0.004571616138377754
2026-05-26,-0.004689531565895688
2026-05-27,-0.0025228972061557275
2026-05-28,-0.003652984566649309
2026-05-29,-0.003972487370490718
2026-06-01,-0.006173745485593685
2026-06-02,-0.004784464044510717
2026-06-03,-0.003581863879066116
2026-06-04,-0.0034395779636891
2026-06-05,-0.0066547859004837395
2026-06-08,-0.0064347737918362125
2026-06-09,-0.0008542850707424776
2026-06-10,-0.004383117059045594
2026-06-11,-0.001982621759678116
2026-06-12,-0.0039343119119119585
2026-06-15,-0.002276471251173362
2026-06-16,-0.0017742853444329132
2026-06-17,-0.002285488790089607
2026-06-18,0.0005789625497683026
2026-06-22,-8.8349231196716e-05
2026-06-23,0.0002619567637180964
2026-06-24,0.0023365259246075354
2026-06-25,0.0015623166754576978
2026-06-26,-0.0026937866695497803
2026-06-29,-0.004341762443868413
2026-06-30,-0.0031159051736571186
2026-07-01,-0.003709736363281424
2026-07-02,-0.001921790641218335
2026-07-06,-0.0008776280113265145
2026-07-07,-0.0015096478764109467
2026-07-08,-0.006472871320188256
2026-07-09,-0.007087487785836233
2026-07-10,-0.008872814391968298
2026-07-13,-0.010351872231179282
2026-07-14,-0.007696796009577733
2026-07-15,-0.007697740326483737
2026-07-16,-0.006619761020752346
2026-07-17,-0.004422989652151266
2026-07-20,-0.0036559216961467023
2026-07-21,-0.006897009510498542
2026-07-22,-0.008263738213606597
2026-07-23,-0.006705200116858823
2026-07-24,-0.007049883275210167
2026-07-27,-0.002047433548890254
2026-07-28,-0.000398569611006927
2026-07-29,-0.0022899660990314263
2026-07-30,-0.002406117708927402
2026-07-31,-0.005668318056272215
2026-08-03,-0.005364509408838369
2026-08-04,-0.002162099229473524
2026-08-05,-0.0041071354811461624
2026-08-06,-0.006119772322520367
2026-08-07,-0.007716266611836886
2026-08-10,-0.006847721121815864
2026-08-11,-0.003963137039027398
2026-08-12,-0.00285288420526264
2026-08-13,-0.0017644720502920652
2026-08-14,-0.0015858092348992603
2026-08-17,0.0006770585882418523
2026-08-18,0.00011176925394740245
2026-08-19,0.0010336712961207528
2026-08-20,-0.0009290421388685743
2026-08-21,0.0003488138058052037
2026-08-24,3.331222856806093e-05
2026-08-25,-0.0009914197217795184
2026-08-26,-0.0014588330699714103
2026-08-27,-0.00027997267586910013
2026-08-28,0.00016686334823101667
2026-08-31,-0.0018806763361278733
2026-09-01,-0.0025879753204594014
2026-09-02,-0.00039804650591368507
2026-09-03,0.0003477249198875487
2026-09-04,-0.0007060175096551546
2026-09-08,-0.0022538803596370283
2026-09-09,-0.0023256287739770176
2026-09-10,-0.005420807994196197
2026-09-11,-0.00807969902025163
2026-09-14,-0.008584113061067544
2026-09-15,-0.008865986092683853
2026-09-16,-0.0073650908868727605
2026-09-17,-0.007578062246749617
2026-09-18,-0.0078508853658108
2026-09-21,-0.0065648173006329635
2026-09-23,-0.00978637627791179
2026-09-24,-0.011295575552330739
